// UKW Senderlogos
// 1Live

// '1live', 48x48px
const uint16_t logo_1live [] = {
	0xffff, 0xffff, 0xffff, 0xffff, 0xffff, 0xffff, 0xffff, 0xffff, 0xffff, 0xffff, 0xffff, 0xffff, 0xffff, 0xffff, 0xffff, 0xffff, 
	0xffff, 0xffff, 0xffff, 0xffff, 0xffff, 0xffff, 0xffff, 0xffff, 0xffff, 0xffff, 0xffff, 0xffff, 0xffff, 0xffff, 0xffff, 0xffff, 
	0xffff, 0xffff, 0xffff, 0xffff, 0xffff, 0xffff, 0xffff, 0xffff, 0xffff, 0xffff, 0xffff, 0xffff, 0xffff, 0xffff, 0xef7d, 0x6b4d, 
	0xffff, 0xffff, 0xffff, 0xffff, 0xffff, 0xffff, 0xffff, 0xffff, 0xffff, 0xffff, 0xffff, 0xffff, 0xffff, 0xffff, 0xffff, 0xffff, 
	0xffff, 0xffff, 0xffff, 0xffff, 0xffff, 0xffff, 0xffff, 0xffff, 0xffff, 0xffff, 0xffff, 0xffff, 0xffff, 0xffff, 0xffff, 0xffff, 
	0xffff, 0xffff, 0xffff, 0xffff, 0xffff, 0xffff, 0xffff, 0xffff, 0xffff, 0xffff, 0xffff, 0xffff, 0xffff, 0xffff, 0xffff, 0xe73c, 
	0xffff, 0xffff, 0xffff, 0xffff, 0xffff, 0xffff, 0xffff, 0xffff, 0xffff, 0xffff, 0xffff, 0xffff, 0xffff, 0xffff, 0xffff, 0xffff, 
	0xffff, 0xffff, 0xffff, 0xffff, 0xffff, 0xffff, 0xffff, 0xffff, 0xffff, 0xffff, 0xffff, 0xffff, 0xffff, 0xffff, 0xffff, 0xffff, 
	0xffff, 0xffff, 0xffff, 0xffff, 0xffff, 0xffff, 0xffff, 0xffff, 0xffff, 0xffff, 0xffff, 0xffff, 0xffff, 0xffff, 0xffff, 0xffff, 
	0xffff, 0xffff, 0xffff, 0xffff, 0xffff, 0xffff, 0xffff, 0xffff, 0xffff, 0xffff, 0xffff, 0xffff, 0xffff, 0xffff, 0xffff, 0xffff, 
	0xffff, 0xffff, 0xffff, 0xffff, 0xffff, 0xffff, 0xffff, 0xffff, 0xffff, 0xffff, 0xffff, 0xffff, 0xffff, 0xffff, 0xffff, 0xffff, 
	0xffff, 0xffff, 0xffff, 0xffff, 0xffff, 0xffff, 0xffff, 0xffff, 0xffff, 0xffff, 0xffff, 0xffff, 0xffff, 0xffff, 0xffff, 0xffff, 
	0xffff, 0xffff, 0xffff, 0xffff, 0xffff, 0xffff, 0xffff, 0xffff, 0xffff, 0xffff, 0xffff, 0xffff, 0xffff, 0xffff, 0xffff, 0xffff, 
	0xffff, 0xffff, 0xffff, 0xffff, 0xffff, 0xffff, 0xffff, 0xffff, 0xffff, 0xffff, 0xffff, 0xffff, 0xffff, 0xffff, 0xffff, 0xffff, 
	0xffff, 0xffff, 0xffff, 0xffff, 0xffff, 0xffff, 0xffff, 0xffff, 0xffff, 0xffff, 0xffff, 0xffff, 0xffff, 0xffff, 0xffff, 0xffff, 
	0xffff, 0xffff, 0xffff, 0xffff, 0xffff, 0xffff, 0xffff, 0xffff, 0xffff, 0xffff, 0xffff, 0xffff, 0xffff, 0xffff, 0xffff, 0xffff, 
	0xffff, 0xffff, 0xffff, 0xffff, 0xffff, 0xffff, 0xffff, 0xffff, 0xffff, 0xffff, 0xffff, 0xffff, 0xffff, 0xffff, 0xffff, 0xffff, 
	0xffff, 0xffff, 0xffff, 0xffff, 0xffff, 0xffff, 0xffff, 0xffff, 0xffff, 0xffff, 0xffff, 0xffff, 0xffff, 0xffff, 0xffff, 0xffff, 
	0xffff, 0xffff, 0xffff, 0xffff, 0xffff, 0xffff, 0xffff, 0xffff, 0xffff, 0xffff, 0xffff, 0xffff, 0xffff, 0xffff, 0xffff, 0xffff, 
	0xffff, 0xffff, 0xffff, 0xffff, 0xffff, 0xffff, 0xffff, 0xffff, 0xffff, 0xffff, 0xffff, 0xffff, 0xffff, 0xffff, 0xffff, 0xffff, 
	0xffff, 0xffff, 0xffff, 0xffff, 0xffff, 0xffff, 0xffff, 0xffff, 0xffff, 0xffff, 0xffff, 0xffff, 0xffff, 0xffff, 0xffff, 0xffff, 
	0xffff, 0xffff, 0xffff, 0xffff, 0xffff, 0xffff, 0xffff, 0xffff, 0xffff, 0xffff, 0xffff, 0xffff, 0xffff, 0xffff, 0xffff, 0xffff, 
	0xffff, 0xffff, 0xffff, 0xffff, 0xffff, 0xffff, 0xffff, 0xffff, 0xffff, 0xffff, 0xffff, 0xffff, 0xffff, 0xffff, 0xffff, 0xffff, 
	0xffff, 0xffff, 0xffff, 0xffff, 0xffff, 0xffff, 0xffff, 0xffff, 0xffff, 0xffff, 0xffff, 0xffff, 0xffff, 0xffff, 0xffff, 0xffff, 
	0xffff, 0xffff, 0xffff, 0xffff, 0xffff, 0xffff, 0xffff, 0xffff, 0xffff, 0xffff, 0xffff, 0xffff, 0xffff, 0xffff, 0xffff, 0xffff, 
	0xffff, 0xffff, 0xffff, 0xffff, 0xffff, 0xffff, 0xffff, 0xffff, 0xffff, 0xffff, 0xffff, 0xffff, 0xffff, 0xffff, 0xffff, 0xffff, 
	0xffff, 0xffff, 0xffff, 0xffff, 0xffff, 0xffff, 0xffff, 0xffff, 0xffff, 0xffff, 0xffff, 0xffff, 0xffff, 0xffff, 0xffff, 0xffff, 
	0xffff, 0xffff, 0xffff, 0xffff, 0xffff, 0xffff, 0xffff, 0xffff, 0xffff, 0xffff, 0xffff, 0xffff, 0xffff, 0xffff, 0xffff, 0xffff, 
	0xffff, 0xffff, 0xffff, 0xffff, 0xffff, 0xffff, 0xffff, 0xffff, 0xffff, 0xffff, 0xffff, 0xffff, 0xffff, 0xffff, 0xffff, 0xffff, 
	0xffff, 0xffff, 0xffff, 0xffff, 0xffff, 0xffff, 0xffff, 0xffff, 0xffff, 0xffff, 0xffff, 0xffff, 0xffff, 0xffff, 0xffff, 0xffff, 
	0xffff, 0xffff, 0xffff, 0xffff, 0xffff, 0xffff, 0xffff, 0xffff, 0xffff, 0xffff, 0xffff, 0xffff, 0xffff, 0xffff, 0xffff, 0xffff, 
	0xffff, 0xffff, 0xffff, 0xffff, 0xffff, 0xffff, 0xffff, 0xffff, 0xffff, 0xffff, 0xffff, 0xffff, 0xffff, 0xffff, 0xffff, 0xffff, 
	0xffff, 0xffff, 0xffff, 0xffff, 0xffff, 0xffff, 0xffff, 0xffff, 0xffff, 0xffff, 0xffff, 0xffff, 0xffff, 0xffff, 0xffff, 0xffff, 
	0xffff, 0xffff, 0xffff, 0xffff, 0xffff, 0xffff, 0xffff, 0xffff, 0xffff, 0xffff, 0xffff, 0xffff, 0xffff, 0xffff, 0xffff, 0xffff, 
	0xffff, 0xffff, 0xffff, 0xffff, 0xffff, 0xffff, 0xffff, 0xffff, 0xffff, 0xffff, 0xffff, 0xffff, 0xffff, 0xffff, 0xffff, 0xffff, 
	0xffff, 0xffff, 0xffff, 0xffff, 0xffff, 0xffff, 0xffff, 0xffff, 0xffff, 0xffff, 0xffff, 0xffff, 0xffff, 0xffff, 0xffff, 0xffff, 
	0xffff, 0xffff, 0xffff, 0xffff, 0xffff, 0xffff, 0xffff, 0xffff, 0xffff, 0xffff, 0xffff, 0xffff, 0xffff, 0xffff, 0xffff, 0xffff, 
	0xffff, 0xffff, 0xffff, 0xffff, 0xffff, 0xffff, 0xffff, 0xffff, 0xffff, 0xffff, 0xffff, 0xffff, 0xffff, 0xffff, 0xffff, 0xffff, 
	0xffff, 0xffff, 0xffff, 0xffff, 0xffff, 0xffff, 0xffff, 0xffff, 0xffff, 0xffff, 0xffff, 0xffff, 0xffff, 0xffff, 0xffff, 0xffff, 
	0xffff, 0xffff, 0xffff, 0xffff, 0xffff, 0xffff, 0xffff, 0xffff, 0xffff, 0xffff, 0xffff, 0xffff, 0xffff, 0xffff, 0xffff, 0xffff, 
	0xffff, 0xffff, 0xffff, 0xffff, 0xffff, 0xffff, 0xffff, 0xffff, 0xffff, 0xffff, 0xffff, 0xffff, 0xffff, 0xffff, 0xffff, 0xffff, 
	0xffff, 0xffff, 0xffff, 0xffff, 0xffff, 0xffff, 0xffff, 0xffff, 0xffff, 0xffff, 0xffff, 0xffff, 0xffff, 0xffff, 0xffff, 0xffff, 
	0xffff, 0xffff, 0xffff, 0xffff, 0xffff, 0xffff, 0xffff, 0xffff, 0xffff, 0xffff, 0xffff, 0xffff, 0xffff, 0xffff, 0xffff, 0xffff, 
	0xffff, 0xffff, 0xffff, 0xffff, 0xffff, 0xffff, 0xffff, 0xffff, 0xffff, 0xffff, 0xffff, 0xffff, 0xffff, 0xffff, 0xffff, 0xffff, 
	0xffff, 0xffff, 0xffff, 0xffff, 0xffff, 0xffff, 0xffff, 0xffff, 0xffff, 0xffff, 0xffff, 0xffff, 0xffff, 0xffff, 0xffff, 0xffff, 
	0xffff, 0xffff, 0xffff, 0xffff, 0xffff, 0xffff, 0xffff, 0xffff, 0xffff, 0xffff, 0xffff, 0xffff, 0xff5f, 0xfe7e, 0xfe7e, 0xfe7e, 
	0xfe7e, 0xfe7e, 0xfe7e, 0xfe7e, 0xff1e, 0xffdf, 0xffff, 0xffff, 0xffff, 0xffff, 0xffff, 0xffff, 0xffff, 0xffff, 0xffff, 0xffff, 
	0xffff, 0xffff, 0xffff, 0xffff, 0xffff, 0xffff, 0xffff, 0xffff, 0xffff, 0xffff, 0xffff, 0xffff, 0xffff, 0xffff, 0xffff, 0xffff, 
	0xffff, 0xffff, 0xffff, 0xffff, 0xffff, 0xffff, 0xffff, 0xffff, 0xffff, 0xffff, 0xffff, 0xffbf, 0xfc39, 0xf814, 0xf814, 0xf814, 
	0xf814, 0xf814, 0xf814, 0xf814, 0xfc39, 0xffbf, 0xffff, 0xffff, 0xffff, 0xffff, 0xffff, 0xffff, 0xffff, 0xffff, 0xffff, 0xffff, 
	0xffff, 0xffff, 0xffff, 0xffff, 0xffff, 0xffff, 0xffff, 0xffff, 0xffff, 0xffff, 0xffff, 0xffff, 0xffff, 0xffff, 0xffff, 0xffff, 
	0xffff, 0xffff, 0xffff, 0xffff, 0xffff, 0xffff, 0xffff, 0xffff, 0xffff, 0xffff, 0xffff, 0xfede, 0xf976, 0xf813, 0xf813, 0xf813, 
	0xf813, 0xf813, 0xf813, 0xf813, 0xfd5c, 0xffdf, 0xffff, 0xffff, 0xffff, 0xffff, 0xffff, 0xffff, 0xffff, 0xffff, 0xffff, 0xffff, 
	0xffff, 0xffff, 0xffff, 0xffff, 0xffff, 0xffff, 0xffff, 0xffff, 0xffff, 0xffff, 0xffff, 0xffff, 0xffff, 0xffff, 0xffff, 0xffff, 
	0xffdf, 0xf79e, 0xf79e, 0xf7be, 0xef7d, 0xef5d, 0xf7be, 0xf79e, 0xef5d, 0xffdf, 0xffff, 0xfd9c, 0xf813, 0xf813, 0xf813, 0xf813, 
	0xf813, 0xf813, 0xf813, 0xf814, 0xfe7d, 0xef7d, 0xef7d, 0xffdf, 0xffff, 0xffff, 0xffff, 0xf79e, 0xef7d, 0xf79e, 0xf79e, 0xef7d, 
	0xef7d, 0xffff, 0xffff, 0xffff, 0xffdf, 0xef7d, 0xef7d, 0xf7be, 0xef7d, 0xef7d, 0xef7d, 0xef7d, 0xef7d, 0xf7be, 0xffff, 0xffff, 
	0xdedb, 0x9492, 0x8c71, 0xad75, 0x738e, 0x6b6d, 0x8430, 0x8c71, 0x73ae, 0xad55, 0xf7be, 0xfc3a, 0xf813, 0xfbfa, 0xfcdb, 0xfc1a, 
	0xf814, 0xf813, 0xf813, 0xf996, 0xcd98, 0x630c, 0x632c, 0xce59, 0xffff, 0xffff, 0xef7d, 0x8430, 0x5acb, 0x8c50, 0x9cd3, 0x5acb, 
	0x632c, 0xef7d, 0xffff, 0xffff, 0xbdf7, 0x5acb, 0x6b4c, 0xb5b6, 0x5aeb, 0x5aeb, 0x5aeb, 0x5aeb, 0x5acb, 0xa534, 0xffff, 0xffff, 
	0xe73c, 0x6b6d, 0x5acb, 0x5acb, 0x5aca, 0x7bef, 0x9491, 0x2124, 0x630b, 0x8c71, 0xf75e, 0xf9f6, 0xf936, 0xff1f, 0xffff, 0xfebe, 
	0xf814, 0xf813, 0xf812, 0xfbd9, 0xad15, 0x2124, 0x2945, 0xb5b6, 0xffff, 0xffff, 0xef5d, 0x5acb, 0x18e3, 0x5aca, 0xb5b6, 0x2103, 
	0x18e3, 0xad55, 0xffff, 0xf79e, 0x6b4d, 0x18e3, 0x5acb, 0xb595, 0x18e3, 0x18e3, 0x2124, 0x2945, 0x2944, 0x8c51, 0xffff, 0xffff, 
	0xffdf, 0x9cf3, 0x94b2, 0x73ae, 0x9cd2, 0x632c, 0x7bcf, 0x738e, 0x9cd3, 0x94b2, 0xfe7d, 0xf814, 0xf814, 0xfb78, 0xffdf, 0xfede, 
	0xf814, 0xf813, 0xf813, 0xfd9c, 0xad54, 0x2124, 0x2944, 0xb5b6, 0xffff, 0xffff, 0xef5d, 0x5acb, 0x18e3, 0x52aa, 0xe73c, 0x4a49, 
	0x18e3, 0x5aeb, 0xf79e, 0xd699, 0x39e7, 0x2124, 0xa514, 0xbdf7, 0x18e3, 0x2124, 0xa514, 0xd69a, 0xd69a, 0xe73c, 0xffff, 0xffff, 
	0xffff, 0xf7be, 0xf7be, 0xf79e, 0xf7be, 0xef5d, 0xf79e, 0xf79e, 0xf7be, 0xf77e, 0xfdbd, 0xf812, 0xf813, 0xf9b6, 0xffbf, 0xfebe, 
	0xf814, 0xf813, 0xf834, 0xfefe, 0xad54, 0x2124, 0x2944, 0xb5b6, 0xffff, 0xffff, 0xef5d, 0x5acb, 0x18e3, 0x5aca, 0xf7df, 0x9cd3, 
	0x18e3, 0x2944, 0xd6ba, 0x9cd3, 0x2104, 0x4228, 0xdedb, 0xbdd7, 0x18e3, 0x2103, 0x630c, 0x7bef, 0x7bef, 0xdefb, 0xffff, 0xffff, 
	0xffff, 0xffff, 0xffff, 0xffff, 0xffff, 0xffff, 0xffff, 0xffff, 0xffff, 0xffbf, 0xfbd9, 0xf813, 0xf813, 0xf9b7, 0xffbf, 0xfebe, 
	0xf814, 0xf813, 0xfaf8, 0xffbf, 0xad54, 0x2124, 0x2944, 0xb5b6, 0xffff, 0xffff, 0xef5d, 0x5acb, 0x18e3, 0x5aca, 0xffdf, 0xdefb, 
	0x39c6, 0x18c2, 0x9491, 0x5aeb, 0x18c3, 0x8c50, 0xf7df, 0xbdd7, 0x18e3, 0x18e3, 0x2103, 0x2103, 0x18e3, 0xc638, 0xffff, 0xffff, 
	0xffff, 0xffff, 0xffff, 0xffff, 0xffff, 0xffff, 0xffff, 0xffff, 0xffff, 0xff1e, 0xf9d6, 0xf813, 0xf813, 0xf9b7, 0xffbf, 0xfebe, 
	0xf814, 0xf813, 0xfd5c, 0xffdf, 0xad54, 0x2124, 0x2944, 0xb596, 0xffff, 0xffff, 0xef5d, 0x5acb, 0x18e3, 0x5aca, 0xffdf, 0xf7df, 
	0x73ae, 0x18c3, 0x4228, 0x3185, 0x2103, 0xd69a, 0xffff, 0xbdd7, 0x18e3, 0x2124, 0x9492, 0xbdf7, 0xbdf7, 0xef7d, 0xffff, 0xffff, 
	0xffff, 0xffff, 0xffff, 0xffff, 0xffff, 0xffff, 0xffff, 0xffff, 0xffff, 0xfddd, 0xf814, 0xf813, 0xf813, 0xf9b6, 0xffbf, 0xfebe, 
	0xf814, 0xf814, 0xfebe, 0xffff, 0xad55, 0x2124, 0x2124, 0x8430, 0xb5b6, 0xb5b6, 0xd69a, 0x5acb, 0x18e3, 0x5aca, 0xffdf, 0xffff, 
	0xc617, 0x18e3, 0x18e3, 0x18e3, 0x4a69, 0xf7be, 0xffff, 0xbdd7, 0x18e3, 0x2104, 0x8430, 0xad55, 0xad75, 0xce59, 0xffff, 0xffff, 
	0xffff, 0xffff, 0xffff, 0xffff, 0xffff, 0xffff, 0xffff, 0xffff, 0xffdf, 0xfc3a, 0xf813, 0xf813, 0xf813, 0xf996, 0xff9f, 0xfebe, 
	0xf814, 0xf976, 0xff9f, 0xffff, 0xad54, 0x2124, 0x18e3, 0x18e3, 0x2103, 0x18e3, 0xa513, 0x5aeb, 0x18c3, 0x52aa, 0xffff, 0xffff, 
	0xf79d, 0x39e7, 0x18e3, 0x18e3, 0x8c71, 0xffff, 0xffff, 0xbdd7, 0x18e3, 0x18e3, 0x18e3, 0x18e3, 0x18e3, 0x738d, 0xffdf, 0xffff, 
	0xffff, 0xffff, 0xffff, 0xffff, 0xffff, 0xffff, 0xffff, 0xffff, 0xff9f, 0xfa37, 0xf813, 0xf813, 0xf813, 0xf815, 0xfbfa, 0xfb79, 
	0xf813, 0xfb99, 0xffdf, 0xffff, 0xce58, 0x73ae, 0x738d, 0x738d, 0x738d, 0x6b6d, 0xc618, 0x9cd2, 0x738d, 0x94b2, 0xffff, 0xffff, 
	0xffff, 0xad75, 0x738d, 0x7bcf, 0xdedb, 0xffff, 0xffff, 0xd6ba, 0x738d, 0x738d, 0x738d, 0x738d, 0x738d, 0xa534, 0xffff, 0xffff, 
	0xffff, 0xffff, 0xffff, 0xffff, 0xffff, 0xffff, 0xffff, 0xffff, 0xfebe, 0xf814, 0xf813, 0xf813, 0xf813, 0xf813, 0xf813, 0xf813, 
	0xf813, 0xfd9c, 0xffff, 0xffff, 0xffff, 0xffff, 0xffff, 0xffff, 0xffff, 0xffff, 0xffff, 0xffff, 0xffff, 0xffff, 0xffff, 0xffff, 
	0xffff, 0xffff, 0xffff, 0xffff, 0xffff, 0xffff, 0xffff, 0xffff, 0xffff, 0xffff, 0xffff, 0xffff, 0xffff, 0xffff, 0xffff, 0xffff, 
	0xffff, 0xffff, 0xffff, 0xffff, 0xffff, 0xffff, 0xffff, 0xffff, 0xfdbd, 0xf813, 0xf813, 0xf813, 0xf813, 0xf813, 0xf813, 0xf813, 
	0xf814, 0xfe9e, 0xffff, 0xffff, 0xffff, 0xffff, 0xffff, 0xffff, 0xffff, 0xffff, 0xffff, 0xffff, 0xffff, 0xffff, 0xffff, 0xffff, 
	0xffff, 0xffff, 0xffff, 0xffff, 0xffff, 0xffff, 0xffff, 0xffff, 0xffff, 0xffff, 0xffff, 0xffff, 0xffff, 0xffff, 0xffff, 0xffff, 
	0xffff, 0xffff, 0xffff, 0xffff, 0xffff, 0xffff, 0xffff, 0xffdf, 0xfbf9, 0xf812, 0xf813, 0xf813, 0xf813, 0xf813, 0xf813, 0xf813, 
	0xfa77, 0xff7f, 0xffff, 0xffff, 0xffff, 0xffff, 0xffff, 0xffff, 0xffff, 0xffff, 0xffff, 0xffff, 0xffff, 0xffff, 0xffff, 0xffff, 
	0xffff, 0xffff, 0xffff, 0xffff, 0xffff, 0xffff, 0xffff, 0xffff, 0xffff, 0xffff, 0xffff, 0xffff, 0xffff, 0xffff, 0xffff, 0xffff, 
	0xffff, 0xffff, 0xffff, 0xffff, 0xffff, 0xffff, 0xffff, 0xffdf, 0xfdbc, 0xfc7a, 0xfc5a, 0xfc7a, 0xfc7a, 0xfc7a, 0xfc7a, 0xfc9a, 
	0xfe5d, 0xffdf, 0xffff, 0xffff, 0xffff, 0xffff, 0xffff, 0xffff, 0xffff, 0xffff, 0xffff, 0xffff, 0xffff, 0xffff, 0xffff, 0xffff, 
	0xffff, 0xffff, 0xffff, 0xffff, 0xffff, 0xffff, 0xffff, 0xffff, 0xffff, 0xffff, 0xffff, 0xffff, 0xffff, 0xffff, 0xffff, 0xffff, 
	0xffff, 0xffff, 0xffff, 0xffff, 0xffff, 0xffff, 0xffff, 0xffff, 0xffff, 0xffdf, 0xffdf, 0xffdf, 0xffdf, 0xffdf, 0xffdf, 0xffdf, 
	0xffff, 0xffff, 0xffff, 0xffff, 0xffff, 0xffff, 0xffff, 0xffff, 0xffff, 0xffff, 0xffff, 0xffff, 0xffff, 0xffff, 0xffff, 0xffff, 
	0xffff, 0xffff, 0xffff, 0xffff, 0xffff, 0xffff, 0xffff, 0xffff, 0xffff, 0xffff, 0xffff, 0xffff, 0xffff, 0xffff, 0xffff, 0xffff, 
	0xffff, 0xffff, 0xffff, 0xffff, 0xffff, 0xffff, 0xffff, 0xffff, 0xffff, 0xffff, 0xffff, 0xffff, 0xffff, 0xffff, 0xffff, 0xffff, 
	0xffff, 0xffff, 0xffff, 0xffff, 0xffff, 0xffff, 0xffff, 0xffff, 0xffff, 0xffff, 0xffff, 0xffff, 0xffff, 0xffff, 0xffff, 0xffff, 
	0xffff, 0xffff, 0xffff, 0xffff, 0xffff, 0xffff, 0xffff, 0xffff, 0xffff, 0xffff, 0xffff, 0xffff, 0xffff, 0xffff, 0xffff, 0xffff, 
	0xffff, 0xffff, 0xffff, 0xffff, 0xffff, 0xffff, 0xffff, 0xffff, 0xffff, 0xffff, 0xffff, 0xffff, 0xffff, 0xffff, 0xffff, 0xffff, 
	0xffff, 0xffff, 0xffff, 0xffff, 0xffff, 0xffff, 0xffff, 0xffff, 0xffff, 0xffff, 0xffff, 0xffff, 0xffff, 0xffff, 0xffff, 0xffff, 
	0xffff, 0xffff, 0xffff, 0xffff, 0xffff, 0xffff, 0xffff, 0xffff, 0xffff, 0xffff, 0xffff, 0xffff, 0xffff, 0xffff, 0xffff, 0xffff, 
	0xffff, 0xffff, 0xffff, 0xffff, 0xffff, 0xffff, 0xffff, 0xffff, 0xffff, 0xffff, 0xffff, 0xffff, 0xffff, 0xffff, 0xffff, 0xffff, 
	0xffff, 0xffff, 0xffff, 0xffff, 0xffff, 0xffff, 0xffff, 0xffff, 0xffff, 0xffff, 0xffff, 0xffff, 0xffff, 0xffff, 0xffff, 0xffff, 
	0xffff, 0xffff, 0xffff, 0xffff, 0xffff, 0xffff, 0xffff, 0xffff, 0xffff, 0xffff, 0xffff, 0xffff, 0xffff, 0xffff, 0xffff, 0xffff, 
	0xffff, 0xffff, 0xffff, 0xffff, 0xffff, 0xffff, 0xffff, 0xffff, 0xffff, 0xffff, 0xffff, 0xffff, 0xffff, 0xffff, 0xffff, 0xffff, 
	0xffff, 0xffff, 0xffff, 0xffff, 0xffff, 0xffff, 0xffff, 0xffff, 0xffff, 0xffff, 0xffff, 0xffff, 0xffff, 0xffff, 0xffff, 0xffff, 
	0xffff, 0xffff, 0xffff, 0xffff, 0xffff, 0xffff, 0xffff, 0xffff, 0xffff, 0xffff, 0xffff, 0xffff, 0xffff, 0xffff, 0xffff, 0xffff, 
	0xffff, 0xffff, 0xffff, 0xffff, 0xffff, 0xffff, 0xffff, 0xffff, 0xffff, 0xffff, 0xffff, 0xffff, 0xffff, 0xffff, 0xffff, 0xffff, 
	0xffff, 0xffff, 0xffff, 0xffff, 0xffff, 0xffff, 0xffff, 0xffff, 0xffff, 0xffff, 0xffff, 0xffff, 0xffff, 0xffff, 0xffff, 0xffff, 
	0xffff, 0xffff, 0xffff, 0xffff, 0xffff, 0xffff, 0xffff, 0xffff, 0xffff, 0xffff, 0xffff, 0xffff, 0xffff, 0xffff, 0xffff, 0xffff, 
	0xffff, 0xffff, 0xffff, 0xffff, 0xffff, 0xffff, 0xffff, 0xffff, 0xffff, 0xffff, 0xffff, 0xffff, 0xffff, 0xffff, 0xffff, 0xffff, 
	0xffff, 0xffff, 0xffff, 0xffff, 0xffff, 0xffff, 0xffff, 0xffff, 0xffff, 0xffff, 0xffff, 0xffff, 0xffff, 0xffff, 0xffff, 0xffff, 
	0xffff, 0xffff, 0xffff, 0xffff, 0xffff, 0xffff, 0xffff, 0xffff, 0xffff, 0xffff, 0xffff, 0xffff, 0xffff, 0xffff, 0xffff, 0xffff, 
	0xffff, 0xffff, 0xffff, 0xffff, 0xffff, 0xffff, 0xffff, 0xffff, 0xffff, 0xffff, 0xffff, 0xffff, 0xffff, 0xffff, 0xffff, 0xffff, 
	0xffff, 0xffff, 0xffff, 0xffff, 0xffff, 0xffff, 0xffff, 0xffff, 0xffff, 0xffff, 0xffff, 0xffff, 0xffff, 0xffff, 0xffff, 0xffff, 
	0xffff, 0xffff, 0xffff, 0xffff, 0xffff, 0xffff, 0xffff, 0xffff, 0xffff, 0xffff, 0xffff, 0xffff, 0xffff, 0xffff, 0xffff, 0xffff, 
	0xffff, 0xffff, 0xffff, 0xffff, 0xffff, 0xffff, 0xffff, 0xffff, 0xffff, 0xffff, 0xffff, 0xffff, 0xffff, 0xffff, 0xffff, 0xffff, 
	0xffff, 0xffff, 0xffff, 0xffff, 0xffff, 0xffff, 0xffff, 0xffff, 0xffff, 0xffff, 0xffff, 0xffff, 0xffff, 0xffff, 0xffff, 0xffff, 
	0xffff, 0xffff, 0xffff, 0xffff, 0xffff, 0xffff, 0xffff, 0xffff, 0xffff, 0xffff, 0xffff, 0xffff, 0xffff, 0xffff, 0xffff, 0xffff, 
	0xffff, 0xffff, 0xffff, 0xffff, 0xffff, 0xffff, 0xffff, 0xffff, 0xffff, 0xffff, 0xffff, 0xffff, 0xffff, 0xffff, 0xffff, 0xffff, 
	0xffff, 0xffff, 0xffff, 0xffff, 0xffff, 0xffff, 0xffff, 0xffff, 0xffff, 0xffff, 0xffff, 0xffff, 0xffff, 0xffff, 0xffff, 0xffff, 
	0xffff, 0xffff, 0xffff, 0xffff, 0xffff, 0xffff, 0xffff, 0xffff, 0xffff, 0xffff, 0xffff, 0xffff, 0xffff, 0xffff, 0xffff, 0xffff, 
	0xffff, 0xffff, 0xffff, 0xffff, 0xffff, 0xffff, 0xffff, 0xffff, 0xffff, 0xffff, 0xffff, 0xffff, 0xffff, 0xffff, 0xffff, 0xffff, 
	0xffff, 0xffff, 0xffff, 0xffff, 0xffff, 0xffff, 0xffff, 0xffff, 0xffff, 0xffff, 0xffff, 0xffff, 0xffff, 0xffff, 0xffff, 0xffff, 
	0xffff, 0xffff, 0xffff, 0xffff, 0xffff, 0xffff, 0xffff, 0xffff, 0xffff, 0xffff, 0xffff, 0xffff, 0xffff, 0xffff, 0xffff, 0xffff, 
	0xffff, 0xffff, 0xffff, 0xffff, 0xffff, 0xffff, 0xffff, 0xffff, 0xffff, 0xffff, 0xffff, 0xffff, 0xffff, 0xffff, 0xffff, 0xffff, 
	0xffff, 0xffff, 0xffff, 0xffff, 0xffff, 0xffff, 0xffff, 0xffff, 0xffff, 0xffff, 0xffff, 0xffff, 0xffff, 0xffff, 0xffff, 0xffff, 
	0xffff, 0xffff, 0xffff, 0xffff, 0xffff, 0xffff, 0xffff, 0xffff, 0xffff, 0xffff, 0xffff, 0xffff, 0xffff, 0xffff, 0xffff, 0xffff, 
	0xffff, 0xffff, 0xffff, 0xffff, 0xffff, 0xffff, 0xffff, 0xffff, 0xffff, 0xffff, 0xffff, 0xffff, 0xffff, 0xffff, 0xffff, 0xffff, 
	0xffff, 0xffff, 0xffff, 0xffff, 0xffff, 0xffff, 0xffff, 0xffff, 0xffff, 0xffff, 0xffff, 0xffff, 0xffff, 0xffff, 0xffff, 0xffff, 
	0xffff, 0xffff, 0xffff, 0xffff, 0xffff, 0xffff, 0xffff, 0xffff, 0xffff, 0xffff, 0xffff, 0xffff, 0xffff, 0xffff, 0xffff, 0xffff, 
	0xffff, 0xffff, 0xffff, 0xffff, 0xffff, 0xffff, 0xffff, 0xffff, 0xffff, 0xffff, 0xffff, 0xffff, 0xffff, 0xffff, 0xffff, 0xffff, 
	0xffff, 0xffff, 0xffff, 0xffff, 0xffff, 0xffff, 0xffff, 0xffff, 0xffff, 0xffff, 0xffff, 0xffff, 0xffff, 0xffff, 0xffff, 0xffff, 
	0xffff, 0xffff, 0xffff, 0xffff, 0xffff, 0xffff, 0xffff, 0xffff, 0xffff, 0xffff, 0xffff, 0xffff, 0xffff, 0xffff, 0xffff, 0xf79e, 
	0xffff, 0xffff, 0xffff, 0xffff, 0xffff, 0xffff, 0xffff, 0xffff, 0xffff, 0xffff, 0xffff, 0xffff, 0xffff, 0xffff, 0xffff, 0xffff, 
	0xffff, 0xffff, 0xffff, 0xffff, 0xffff, 0xffff, 0xffff, 0xffff, 0xffff, 0xffff, 0xffff, 0xffff, 0xffff, 0xffff, 0xffff, 0xffff, 
	0xffff, 0xffff, 0xffff, 0xffff, 0xffff, 0xffff, 0xffff, 0xffff, 0xffff, 0xffff, 0xffff, 0xffff, 0xffff, 0xffff, 0xffff, 0xa534, 
	0x94b2, 0xa514, 0xa514, 0xa514, 0xa514, 0xa514, 0xa514, 0xa514, 0xa514, 0xa514, 0xa514, 0xa514, 0xa514, 0xa514, 0xa514, 0xa514, 
	0xa514, 0xa514, 0xa514, 0xa514, 0xa514, 0xa514, 0xa514, 0xa514, 0xa514, 0xa514, 0xa514, 0xa514, 0xa514, 0xa514, 0xa514, 0xa514, 
	0xa514, 0xa514, 0xa514, 0xa514, 0xa514, 0xa514, 0xa514, 0xa514, 0xa514, 0xa514, 0xa514, 0xa514, 0xa514, 0x9cf3, 0x6b4d, 0x2104
};

// Array of all bitmaps for convenience. (Total bytes used to store images = 2320)
const int logo_allArray_LEN = 1;
const uint16_t* logo_allArray[1] = {
	logo_1live
};

// Antenne Münster

// 'antenne', 48x48px
const uint16_t logo_antenne [] = {
	0x1082, 0x4228, 0xad35, 0xce79, 0xd69a, 0xd69a, 0xd69a, 0xd69a, 0xd69a, 0xd69a, 0xd69a, 0xd69a, 0xd69a, 0xd69a, 0xd69a, 0xd69a, 
	0xd69a, 0xd69a, 0xd69a, 0xd69a, 0xd69a, 0xd69a, 0xd69a, 0xd69a, 0xd69a, 0xd69a, 0xd69a, 0xd69a, 0xd69a, 0xd69a, 0xd69a, 0xd69a, 
	0xd69a, 0xd69a, 0xd69a, 0xd69a, 0xd69a, 0xd69a, 0xd69a, 0xd69a, 0xd69a, 0xd69a, 0xd69a, 0xd69a, 0xd69a, 0xce79, 0xb5b7, 0x4a49, 
	0x2104, 0xdedb, 0xffff, 0xffff, 0xffff, 0xffff, 0xffff, 0xffff, 0xffff, 0xffff, 0xffff, 0xffff, 0xffff, 0xffff, 0xffff, 0xffff, 
	0xffff, 0xffff, 0xffff, 0xffff, 0xffff, 0xffff, 0xffff, 0xffff, 0xffff, 0xffff, 0xffff, 0xffff, 0xffff, 0xffff, 0xffff, 0xffff, 
	0xffff, 0xffff, 0xffff, 0xffff, 0xffff, 0xffff, 0xffff, 0xffff, 0xffff, 0xffff, 0xffff, 0xffff, 0xffff, 0xffff, 0xffff, 0xe73c, 
	0x39e7, 0xffff, 0xffff, 0xffff, 0xffff, 0xffff, 0xffff, 0xffff, 0xffff, 0xffff, 0xffff, 0xffff, 0xffff, 0xffff, 0xffff, 0xffff, 
	0xffff, 0xffff, 0xffff, 0xffff, 0xffff, 0xffff, 0xffff, 0xffff, 0xffff, 0xffff, 0xffff, 0xffff, 0xffff, 0xffff, 0xffff, 0xffff, 
	0xffff, 0xffff, 0xffff, 0xffff, 0xffff, 0xffff, 0xffff, 0xffff, 0xffff, 0xffff, 0xffff, 0xffff, 0xffff, 0xffff, 0xffff, 0xffff, 
	0x4208, 0xffff, 0xffff, 0xffff, 0xffff, 0xffff, 0xffff, 0xffff, 0xffff, 0xffff, 0xffff, 0xffff, 0xffff, 0xffff, 0xffff, 0xffff, 
	0xffff, 0xffff, 0xffff, 0xffff, 0xffff, 0xffff, 0xffff, 0xffff, 0xffff, 0xffff, 0xffff, 0xffff, 0xffff, 0xffff, 0xffff, 0xffff, 
	0xffff, 0xffff, 0xffff, 0xffff, 0xffff, 0xffff, 0xffff, 0xffff, 0xffff, 0xffff, 0xffff, 0xffff, 0xffff, 0xffff, 0xffff, 0xffff, 
	0x4208, 0xffff, 0xffff, 0xffff, 0xffff, 0xffff, 0xffff, 0xffff, 0xffff, 0xffff, 0xffff, 0xffff, 0xffff, 0xffff, 0xffff, 0xffff, 
	0xffff, 0xffff, 0xffff, 0xffff, 0xffff, 0xffff, 0xffff, 0xffff, 0xffff, 0xffff, 0xffff, 0xffff, 0xffff, 0xffff, 0xffff, 0xffff, 
	0xffff, 0xffff, 0xffff, 0xffff, 0xffff, 0xffff, 0xffff, 0xffff, 0xffff, 0xffff, 0xffff, 0xffff, 0xffff, 0xffff, 0xffff, 0xffff, 
	0x4208, 0xffff, 0xffff, 0xffff, 0xffff, 0xffff, 0xffff, 0xffff, 0xffff, 0xffff, 0xffff, 0xffff, 0xffff, 0xffff, 0xffff, 0xffff, 
	0xffff, 0xffff, 0xffff, 0xffff, 0xffff, 0xffff, 0xffff, 0xffff, 0xffff, 0xffff, 0xffff, 0xffff, 0xffff, 0xffff, 0xffff, 0xffff, 
	0xffff, 0xffff, 0xffff, 0xffff, 0xffff, 0xffff, 0xffff, 0xffff, 0xffff, 0xffff, 0xffff, 0xffff, 0xffff, 0xffff, 0xffff, 0xffff, 
	0x4208, 0xffff, 0xffff, 0xffff, 0xffff, 0xffff, 0xffff, 0xffff, 0xffff, 0xffff, 0xffff, 0xffff, 0xffff, 0xffff, 0xffff, 0xffff, 
	0xffff, 0xffff, 0xffff, 0xffff, 0xffff, 0xffff, 0xffff, 0xffff, 0xffff, 0xffff, 0xffff, 0xffff, 0xffff, 0xffff, 0xffff, 0xffff, 
	0xffff, 0xffff, 0xffff, 0xffff, 0xffff, 0xffff, 0xffff, 0xffff, 0xffff, 0xffff, 0xffff, 0xffff, 0xffff, 0xffff, 0xffff, 0xffff, 
	0x4208, 0xffff, 0xffff, 0xffff, 0xffff, 0xffff, 0xffff, 0xffff, 0xffff, 0xffff, 0xffff, 0xffff, 0xffff, 0xffff, 0xffff, 0xffff, 
	0xffff, 0xffff, 0xffff, 0xffff, 0xffff, 0xffff, 0xffff, 0xffff, 0xffff, 0xffff, 0xffff, 0xffff, 0xffff, 0xffff, 0xffff, 0xffff, 
	0xffff, 0xffff, 0xffff, 0xffff, 0xffff, 0xffff, 0xffff, 0xffff, 0xffff, 0xffff, 0xffff, 0xffff, 0xffff, 0xffff, 0xffff, 0xffff, 
	0x4208, 0xffff, 0xffff, 0xffff, 0xffff, 0xffff, 0xffff, 0xffff, 0xffff, 0xffff, 0xffff, 0xffff, 0xffff, 0xffff, 0xffff, 0xffff, 
	0xffff, 0xffff, 0xffff, 0xffff, 0xffff, 0xffff, 0xffff, 0xffff, 0xffff, 0xffff, 0xffff, 0xffff, 0xffff, 0xffff, 0xffff, 0xffff, 
	0xffff, 0xffff, 0xffff, 0xffff, 0xffff, 0xffff, 0xffff, 0xffff, 0xffff, 0xffff, 0xffff, 0xffff, 0xffff, 0xffff, 0xffff, 0xffff, 
	0x4208, 0xffff, 0xffff, 0xffff, 0xffff, 0xffff, 0xffff, 0xffff, 0xffff, 0xffff, 0xffff, 0xffff, 0xffff, 0xffff, 0xffff, 0xffff, 
	0xffff, 0xffff, 0xffff, 0xffff, 0xffff, 0xffff, 0xffff, 0xffff, 0xffff, 0xffff, 0xffff, 0xffff, 0xffff, 0xffff, 0xffff, 0xffff, 
	0xffff, 0xffff, 0xffff, 0xffff, 0xffff, 0xffff, 0xffff, 0xffff, 0xffff, 0xffff, 0xffff, 0xffff, 0xffff, 0xffff, 0xffff, 0xffff, 
	0x4208, 0xffff, 0xffff, 0xffff, 0xffff, 0xffff, 0xffff, 0xffff, 0xffff, 0xffff, 0xffff, 0xffff, 0xffff, 0xffff, 0xffff, 0xffff, 
	0xffff, 0xffff, 0xffff, 0xffff, 0xffff, 0xffff, 0xffff, 0xffff, 0xffff, 0xffff, 0xffff, 0xffff, 0xffff, 0xffff, 0xffff, 0xffff, 
	0xffff, 0xffff, 0xffff, 0xffff, 0xffff, 0xffff, 0xffff, 0xffff, 0xffff, 0xffff, 0xffff, 0xffff, 0xffff, 0xffff, 0xffff, 0xffff, 
	0x4208, 0xffff, 0xffff, 0xffff, 0xffff, 0xffff, 0xffff, 0xffff, 0xffff, 0xffff, 0xffff, 0xffff, 0xffff, 0xffff, 0xffff, 0xffff, 
	0xffff, 0xffff, 0xffff, 0xffff, 0xffff, 0xffff, 0xffff, 0xffff, 0xffff, 0xffff, 0xffff, 0xffff, 0xffff, 0xffff, 0xffff, 0xffff, 
	0xffff, 0xffff, 0xffff, 0xffff, 0xffff, 0xffff, 0xffff, 0xffff, 0xffff, 0xffff, 0xffff, 0xffff, 0xffff, 0xffff, 0xffff, 0xffff, 
	0x4208, 0xffff, 0xffff, 0xffff, 0xffff, 0xffff, 0xffff, 0xffff, 0xffff, 0xffff, 0xffff, 0xffff, 0xffff, 0xffff, 0xffff, 0xffff, 
	0xffff, 0xffff, 0xffff, 0xffff, 0xffff, 0xffff, 0xffff, 0xffff, 0xffff, 0xffff, 0xffff, 0xffff, 0xffff, 0xffff, 0xffff, 0xffff, 
	0xffff, 0xffff, 0xffff, 0xffff, 0xffff, 0xffff, 0xffff, 0xffff, 0xffff, 0xffff, 0xffff, 0xffff, 0xffff, 0xffff, 0xffff, 0xffff, 
	0x4208, 0xffff, 0xffff, 0xffff, 0xffff, 0xffff, 0xffdf, 0xffdf, 0xffff, 0xffff, 0xffff, 0xffdf, 0xffff, 0xffff, 0xffdf, 0xffff, 
	0xffff, 0xffdf, 0xffdf, 0xffdf, 0xffdf, 0xffff, 0xffff, 0xffdf, 0xffdf, 0xffdf, 0xffff, 0xffff, 0xffdf, 0xffff, 0xffff, 0xffff, 
	0xffff, 0xffff, 0xffff, 0xffdf, 0xffff, 0xffff, 0xffdf, 0xffff, 0xffff, 0xffdf, 0xffdf, 0xffdf, 0xffdf, 0xffff, 0xffff, 0xffff, 
	0x4208, 0xffff, 0xffff, 0xffff, 0xffff, 0xa534, 0x6b4d, 0x8c72, 0xffdf, 0xffff, 0xad76, 0x738e, 0xdefb, 0xef5d, 0x8431, 0xa514, 
	0xb5b7, 0x6b4d, 0x6b4d, 0x6b4d, 0x6b4d, 0xc618, 0xad55, 0x6b4d, 0x6b4d, 0x738e, 0xce79, 0xbdf7, 0x6b4d, 0xd69a, 0xffdf, 0x9cd3, 
	0x9492, 0xf7be, 0xad75, 0x73ae, 0xdefb, 0xef5d, 0x8c51, 0xa514, 0xf7be, 0x8410, 0x6b4d, 0x6b4d, 0x7bcf, 0xf79e, 0xffff, 0xffff, 
	0x4208, 0xffff, 0xffff, 0xffff, 0xf7be, 0x4208, 0x2945, 0x3166, 0xef5d, 0xffff, 0x8410, 0x18a3, 0x7bcf, 0xdedb, 0x4208, 0x6b4d, 
	0xce59, 0x8431, 0x31a7, 0x3186, 0x8c51, 0xce79, 0x7bcf, 0x18c3, 0x9492, 0xa534, 0xdefb, 0x9cd3, 0x18a3, 0x630c, 0xe71c, 0x630c, 
	0x528a, 0xef7d, 0x7bf0, 0x18a3, 0x73af, 0xdedb, 0x4229, 0x6b6e, 0xf79e, 0x39e8, 0x2124, 0x9cd3, 0xad55, 0xf7be, 0xffff, 0xffff, 
	0x4208, 0xffff, 0xffff, 0xffff, 0xc638, 0x2925, 0x8430, 0x2925, 0xb5b6, 0xffff, 0x8410, 0x2945, 0x2966, 0xad35, 0x4a49, 0x6b4d, 
	0xffdf, 0xe73c, 0x4a6a, 0x4229, 0xef7d, 0xf79e, 0x7bcf, 0x18c3, 0x8c51, 0xa514, 0xe73c, 0x9cd3, 0x2125, 0x31a7, 0x73af, 0x630c, 
	0x528a, 0xef7d, 0x7bf0, 0x2945, 0x3166, 0xa534, 0x4a49, 0x6b6e, 0xf79e, 0x39e8, 0x2104, 0x8c72, 0xad55, 0xffff, 0xffff, 0xffff, 
	0x4208, 0xffff, 0xffff, 0xffdf, 0x8431, 0x3186, 0xa534, 0x3186, 0x7bcf, 0xffdf, 0x8410, 0x39e8, 0x738e, 0x4229, 0x4208, 0x6b4d, 
	0xffff, 0xe73c, 0x4a6a, 0x4229, 0xf79e, 0xf79e, 0x7bcf, 0x18c3, 0x73ae, 0x8c72, 0xdefb, 0x9cd3, 0x2945, 0x8410, 0x2966, 0x4a49, 
	0x528a, 0xef7d, 0x7bf0, 0x41e8, 0x73ae, 0x4229, 0x4229, 0x6b6e, 0xf79e, 0x39e8, 0x2104, 0x7bef, 0x9cd3, 0xffff, 0xffff, 0xffff, 
	0x4208, 0xffff, 0xffff, 0xf79e, 0x4a49, 0x31a7, 0x632c, 0x31a7, 0x4a49, 0xef7d, 0x8410, 0x39e8, 0xce79, 0x31a7, 0x18c4, 0x6b6e, 
	0xffff, 0xe73c, 0x4a6a, 0x4229, 0xf79e, 0xf79e, 0x7bcf, 0x18e4, 0xce79, 0xe73c, 0xf79e, 0x9cd3, 0x2925, 0xce59, 0x6b4d, 0x18e4, 
	0x528a, 0xef7d, 0x7bf0, 0x41e8, 0xd69a, 0x31a7, 0x18e4, 0x6b6e, 0xf79e, 0x39e8, 0x2945, 0xdedb, 0xe73c, 0xffdf, 0xffff, 0xffff, 
	0x4208, 0xffff, 0xffff, 0xd6ba, 0x4a29, 0xad55, 0xffdf, 0xa514, 0x4a49, 0xd6ba, 0x94b2, 0x5aeb, 0xef7d, 0xad55, 0x4208, 0x8430, 
	0xffdf, 0xef5d, 0x6b4d, 0x632c, 0xf79e, 0xf7be, 0x9492, 0x39e8, 0x4a6a, 0x52aa, 0xb596, 0xad55, 0x4a49, 0xe73c, 0xdedb, 0x528a, 
	0x6b6e, 0xf79e, 0x94b2, 0x5aeb, 0xf79e, 0xad55, 0x4208, 0x8431, 0xf79e, 0x5aeb, 0x39e8, 0x528a, 0x5aeb, 0xe71c, 0xffff, 0xffff, 
	0x4208, 0xffff, 0xffff, 0xf79e, 0xdedb, 0xf79e, 0xffff, 0xf79e, 0xdedb, 0xf79e, 0xef5d, 0xdefb, 0xef5d, 0xad55, 0xc618, 0xad55, 
	0xce79, 0xf7df, 0xe71c, 0xe71c, 0xffff, 0xffff, 0xef5d, 0xdedb, 0xdedb, 0xdedb, 0xef7d, 0xef7d, 0xdedb, 0xffdf, 0xffff, 0xe71c, 
	0xe71c, 0xffdf, 0xef5d, 0xdefb, 0xffdf, 0xf7be, 0xdefb, 0xe73c, 0xffff, 0xdefb, 0xdedb, 0xdedb, 0xdedb, 0xffdf, 0xffff, 0xffff, 
	0x4208, 0xffff, 0xffff, 0xffff, 0xe73c, 0xdefb, 0xf79e, 0xffff, 0xf79e, 0xdedb, 0xe73c, 0xffff, 0xc638, 0x6b6e, 0xce79, 0x9492, 
	0x9cd3, 0xf79e, 0xf79e, 0xdedb, 0xf7be, 0xffff, 0xe73c, 0xdefb, 0xffff, 0xffdf, 0xe73c, 0xd6ba, 0xe71c, 0xef5d, 0xdedb, 0xdedb, 
	0xdedb, 0xdedb, 0xef5d, 0xe71c, 0xdedb, 0xdedb, 0xdefb, 0xf7df, 0xe73c, 0xd6bb, 0xd6bb, 0xe73c, 0xffdf, 0xffff, 0xffff, 0xffff, 
	0x4208, 0xffff, 0xffff, 0xf7be, 0x5aec, 0x2124, 0x94b2, 0xffff, 0x9492, 0x18e4, 0x5aeb, 0xf79e, 0x4a49, 0x528a, 0xe73c, 0x9cf4, 
	0x2104, 0xc618, 0xad76, 0x18c4, 0x8431, 0xf79e, 0x738e, 0x4a49, 0xef5d, 0x6b6e, 0x2945, 0x39e7, 0x5aec, 0x94b2, 0x2966, 0x2104, 
	0x2104, 0x3186, 0x8c72, 0x4a6a, 0x2104, 0x39c7, 0x4a6a, 0xdedb, 0x4a29, 0x2125, 0x4228, 0x2945, 0x7bcf, 0xffdf, 0xffff, 0xffff, 
	0x4208, 0xffff, 0xffff, 0xf79e, 0x4a49, 0x18c4, 0x528a, 0xef5d, 0x528a, 0x18c3, 0x4a49, 0xef7d, 0x4229, 0x4a49, 0xe73c, 0x9cf3, 
	0x18e4, 0xc618, 0xad75, 0x18a3, 0x2966, 0xce59, 0x6b6e, 0x41e8, 0xc638, 0x2124, 0x4a49, 0xd6ba, 0xef5d, 0xf79e, 0xdedb, 0x4229, 
	0x4208, 0xd6ba, 0xef5d, 0x4a49, 0x39c7, 0xd6ba, 0xdefb, 0xf7be, 0x4208, 0x4208, 0xce59, 0x52ab, 0x2945, 0xe73c, 0xffff, 0xffff, 
	0x4208, 0xffff, 0xffff, 0xe73c, 0x31a7, 0x528a, 0x3166, 0xb5b6, 0x31a7, 0x39e8, 0x39a7, 0xe73c, 0x4229, 0x4a49, 0xe73c, 0x9cf3, 
	0x18e4, 0xc618, 0xad75, 0x2104, 0x4a6a, 0x630c, 0x6b6e, 0x4208, 0xe73c, 0x7bcf, 0x3166, 0x4a49, 0xad35, 0xffdf, 0xf79e, 0x4a49, 
	0x4229, 0xef7d, 0xf7be, 0x4a49, 0x2104, 0x528a, 0x6b4d, 0xef5d, 0x4208, 0x2945, 0x632c, 0x2966, 0x8431, 0xffdf, 0xffff, 0xffff, 
	0x4208, 0xffff, 0xffff, 0xdedb, 0x2945, 0x94b2, 0x39e8, 0x528a, 0x5aeb, 0x5aec, 0x2966, 0xdefb, 0x4a29, 0x4a49, 0xe73c, 0x9cd3, 
	0x18e4, 0xc618, 0xad75, 0x2104, 0xad55, 0x2945, 0x39a7, 0x4208, 0xf7be, 0xf7df, 0xd6bb, 0x52ab, 0x20e4, 0xd69a, 0xf79e, 0x4a49, 
	0x4229, 0xef7d, 0xf7be, 0x4a49, 0x39c7, 0xd6ba, 0xe71c, 0xf7de, 0x4208, 0x3186, 0x7bef, 0x2104, 0x8c51, 0xffff, 0xffff, 0xffff, 
	0x4208, 0xffff, 0xffff, 0xce59, 0x2104, 0xbdf7, 0x8430, 0x18c3, 0xad55, 0x73ae, 0x2125, 0xdedb, 0x738e, 0x2945, 0x8431, 0x528a, 
	0x39e8, 0xe71c, 0xad75, 0x2104, 0xd69a, 0x8430, 0x18c4, 0x4208, 0xdedb, 0x9cf3, 0xa534, 0x5aeb, 0x3166, 0xdedb, 0xf79e, 0x4a49, 
	0x4229, 0xef7d, 0xf7be, 0x4a29, 0x2966, 0x9cd3, 0xa514, 0xe73c, 0x4208, 0x4208, 0xdedb, 0x4a6a, 0x31a7, 0xef7d, 0xffff, 0xffff, 
	0x4208, 0xffff, 0xffff, 0xdefb, 0x8c51, 0xe73c, 0xdefb, 0xa514, 0xef7d, 0xbdf7, 0x8c51, 0xe73c, 0xef5d, 0x9cd3, 0x7bf0, 0x8c51, 
	0xd69a, 0xffff, 0xd6ba, 0x8c51, 0xe73c, 0xef5d, 0x9cd3, 0x9cd3, 0xdefb, 0x8c51, 0x7bf0, 0x94b2, 0xce79, 0xffff, 0xf7df, 0xa514, 
	0x9cf4, 0xf7be, 0xffdf, 0xa514, 0x8431, 0x8431, 0x8c51, 0xe71c, 0x9cd3, 0x9cf3, 0xef7d, 0xbdf7, 0x8c51, 0xe73c, 0xffff, 0xffff, 
	0x4208, 0xffff, 0xffff, 0xffff, 0xf7be, 0xffff, 0xffff, 0xffff, 0xffff, 0xffdf, 0xf7be, 0xffff, 0xffff, 0xffdf, 0xf7be, 0xf7be, 
	0xffff, 0xffff, 0xffff, 0xf7be, 0xffff, 0xffff, 0xffdf, 0xf7de, 0xffff, 0xf7df, 0xf7be, 0xffdf, 0xffff, 0xffff, 0xffff, 0xf7df, 
	0xf7df, 0xffff, 0xffff, 0xf7df, 0xf7be, 0xf7be, 0xf7be, 0xffff, 0xf7df, 0xf7df, 0xffdf, 0xff5d, 0xfe38, 0xff7d, 0xffff, 0xffff, 
	0x4208, 0xffff, 0xffff, 0xffff, 0xffff, 0xffff, 0xffff, 0xffff, 0xffff, 0xffff, 0xffff, 0xffff, 0xffff, 0xffff, 0xffff, 0xffff, 
	0xffff, 0xffff, 0xffff, 0xffff, 0xffff, 0xffff, 0xffff, 0xffff, 0xffff, 0xffff, 0xffff, 0xffff, 0xffff, 0xffff, 0xffff, 0xffff, 
	0xffff, 0xffff, 0xffff, 0xffff, 0xffff, 0xffff, 0xffff, 0xffff, 0xffde, 0xfdf7, 0xfbf0, 0xf8c5, 0xf801, 0xfe9a, 0xffff, 0xffff, 
	0x4208, 0xffff, 0xffff, 0xffff, 0xffdf, 0xffff, 0xffff, 0xffff, 0xffff, 0xffff, 0xffff, 0xffff, 0xffff, 0xffff, 0xffff, 0xffff, 
	0xffff, 0xffff, 0xffdf, 0xffff, 0xffdf, 0xffff, 0xffff, 0xffff, 0xffff, 0xffff, 0xffff, 0xffff, 0xffff, 0xffff, 0xffff, 0xffff, 
	0xffff, 0xffff, 0xffff, 0xffff, 0xffdf, 0xff5d, 0xfe18, 0xfe18, 0xfedb, 0xf803, 0xf800, 0xf800, 0xf800, 0xfe9a, 0xffff, 0xffff, 
	0x4208, 0xffff, 0xffff, 0xff7d, 0xfd35, 0xfd75, 0xff1c, 0xfd55, 0xf5b6, 0xffbe, 0xffff, 0xff9e, 0xfd35, 0xff7d, 0xffff, 0xfe38, 
	0xfdb6, 0xff9e, 0xfd14, 0xfe9a, 0xf5b6, 0xffbe, 0xfe38, 0xfefb, 0xff9e, 0xffbe, 0xffff, 0xffff, 0xffff, 0xffff, 0xffff, 0xffff, 
	0xffff, 0xffff, 0xffff, 0xfefb, 0xfc92, 0xf988, 0xf800, 0xfbaf, 0xfeba, 0xf800, 0xf800, 0xf800, 0xf800, 0xfe9a, 0xffff, 0xffff, 
	0x4208, 0xffff, 0xffff, 0xfe18, 0xfc51, 0xfbcf, 0xfcf3, 0xfbcf, 0xfdb6, 0xffbe, 0xffdf, 0xfd34, 0xf26a, 0xfedb, 0xffdf, 0xfcd3, 
	0xfb0c, 0xfd75, 0xfaab, 0xfd34, 0xf34d, 0xfd34, 0xfb6e, 0xfdb6, 0xfc51, 0xf410, 0xff5d, 0xffff, 0xffff, 0xffff, 0xffdf, 0xff5d, 
	0xfdf7, 0xfe18, 0xff9e, 0xfacb, 0xf800, 0xf800, 0xf800, 0xfb8e, 0xfeba, 0xf800, 0xf800, 0xf800, 0xf800, 0xfe9a, 0xffff, 0xffff, 
	0x4208, 0xffff, 0xffff, 0xff5d, 0xfcb3, 0xfacc, 0xfdd7, 0xfe9a, 0xf3af, 0xfeba, 0xfedb, 0xeb4d, 0xf22a, 0xfd96, 0xffde, 0xf492, 
	0xfc31, 0xfb0c, 0xfc71, 0xfcf3, 0xf3ae, 0xfdf7, 0xfc10, 0xfdf7, 0xfc10, 0xfdf7, 0xffde, 0xffff, 0xffbe, 0xfe9a, 0xfcd3, 0xfa09, 
	0xf800, 0xfb6e, 0xff5d, 0xfa6a, 0xf800, 0xf800, 0xf800, 0xfb8e, 0xfeba, 0xf800, 0xf800, 0xf800, 0xf800, 0xfe9a, 0xffff, 0xffff, 
	0x4208, 0xffff, 0xffff, 0xff9e, 0xf535, 0xfd96, 0xfedb, 0xf514, 0xfcf4, 0xfe79, 0xf5d7, 0xff3c, 0xfd35, 0xff1b, 0xffdf, 0xf576, 
	0xfe79, 0xfd14, 0xfe38, 0xfdd7, 0xf555, 0xff9e, 0xfdd7, 0xfdb6, 0xf3af, 0xf555, 0xff7d, 0xff9e, 0xf576, 0xf34d, 0xfa8b, 0xfa29, 
	0xfa09, 0xfcd3, 0xff9e, 0xfc51, 0xfa09, 0xfa09, 0xfa09, 0xfcf4, 0xff1c, 0xfacc, 0xfa09, 0xfa09, 0xfaab, 0xfefb, 0xffff, 0xffff, 
	0x4208, 0xffff, 0xffff, 0xffff, 0xffdf, 0xffff, 0xffff, 0xffdf, 0xffff, 0xffff, 0xffff, 0xffff, 0xffff, 0xffff, 0xffff, 0xffff, 
	0xffff, 0xffff, 0xffff, 0xffff, 0xffff, 0xffff, 0xffff, 0xffff, 0xffdf, 0xffdf, 0xffff, 0xffff, 0xffdf, 0xffdf, 0xffdf, 0xffdf, 
	0xffdf, 0xffff, 0xffff, 0xffff, 0xffdf, 0xffdf, 0xffdf, 0xffff, 0xffff, 0xffdf, 0xffdf, 0xffdf, 0xffdf, 0xffff, 0xffff, 0xffff, 
	0x4208, 0xffff, 0xffff, 0xffff, 0xffff, 0xffff, 0xffff, 0xffff, 0xffff, 0xffff, 0xffff, 0xffff, 0xffff, 0xffff, 0xffff, 0xffff, 
	0xffff, 0xffff, 0xffff, 0xffff, 0xffff, 0xffff, 0xffff, 0xffff, 0xffff, 0xffff, 0xffff, 0xffff, 0xffff, 0xffff, 0xffff, 0xffff, 
	0xffff, 0xffff, 0xffff, 0xffff, 0xffff, 0xffff, 0xffff, 0xffff, 0xffff, 0xffff, 0xffff, 0xffff, 0xffff, 0xffff, 0xffff, 0xffff, 
	0x4208, 0xffff, 0xffff, 0xffff, 0xffff, 0xffff, 0xffff, 0xffff, 0xffff, 0xffff, 0xffff, 0xffff, 0xffff, 0xffff, 0xffff, 0xffff, 
	0xffff, 0xffff, 0xffff, 0xffff, 0xffff, 0xffff, 0xffff, 0xffff, 0xffff, 0xffff, 0xffff, 0xffff, 0xffff, 0xffff, 0xffff, 0xffff, 
	0xffff, 0xffff, 0xffff, 0xffff, 0xffff, 0xffff, 0xffff, 0xffff, 0xffff, 0xffff, 0xffff, 0xffff, 0xffff, 0xffff, 0xffff, 0xffff, 
	0x4208, 0xffff, 0xffff, 0xffff, 0xffff, 0xffff, 0xffff, 0xffff, 0xffff, 0xffff, 0xffff, 0xffff, 0xffff, 0xffff, 0xffff, 0xffff, 
	0xffff, 0xffff, 0xffff, 0xffff, 0xffff, 0xffff, 0xffff, 0xffff, 0xffff, 0xffff, 0xffff, 0xffff, 0xffff, 0xffff, 0xffff, 0xffff, 
	0xffff, 0xffff, 0xffff, 0xffff, 0xffff, 0xffff, 0xffff, 0xffff, 0xffff, 0xffff, 0xffff, 0xffff, 0xffff, 0xffff, 0xffff, 0xffff, 
	0x4208, 0xffff, 0xffff, 0xffff, 0xffff, 0xffff, 0xffff, 0xffff, 0xffff, 0xffff, 0xffff, 0xffff, 0xffff, 0xffff, 0xffff, 0xffff, 
	0xffff, 0xffff, 0xffff, 0xffff, 0xffff, 0xffff, 0xffff, 0xffff, 0xffff, 0xffff, 0xffff, 0xffff, 0xffff, 0xffff, 0xffff, 0xffff, 
	0xffff, 0xffff, 0xffff, 0xffff, 0xffff, 0xffff, 0xffff, 0xffff, 0xffff, 0xffff, 0xffff, 0xffff, 0xffff, 0xffff, 0xffff, 0xffff, 
	0x4208, 0xffff, 0xffff, 0xffff, 0xffff, 0xffff, 0xffff, 0xffff, 0xffff, 0xffff, 0xffff, 0xffff, 0xffff, 0xffff, 0xffff, 0xffff, 
	0xffff, 0xffff, 0xffff, 0xffff, 0xffff, 0xffff, 0xffff, 0xffff, 0xffff, 0xffff, 0xffff, 0xffff, 0xffff, 0xffff, 0xffff, 0xffff, 
	0xffff, 0xffff, 0xffff, 0xffff, 0xffff, 0xffff, 0xffff, 0xffff, 0xffff, 0xffff, 0xffff, 0xffff, 0xffff, 0xffff, 0xffff, 0xffff, 
	0x4208, 0xffff, 0xffff, 0xffff, 0xffff, 0xffff, 0xffff, 0xffff, 0xffff, 0xffff, 0xffff, 0xffff, 0xffff, 0xffff, 0xffff, 0xffff, 
	0xffff, 0xffff, 0xffff, 0xffff, 0xffff, 0xffff, 0xffff, 0xffff, 0xffff, 0xffff, 0xffff, 0xffff, 0xffff, 0xffff, 0xffff, 0xffff, 
	0xffff, 0xffff, 0xffff, 0xffff, 0xffff, 0xffff, 0xffff, 0xffff, 0xffff, 0xffff, 0xffff, 0xffff, 0xffff, 0xffff, 0xffff, 0xffff, 
	0x4208, 0xffff, 0xffff, 0xffff, 0xffff, 0xffff, 0xffff, 0xffff, 0xffff, 0xffff, 0xffff, 0xffff, 0xffff, 0xffff, 0xffff, 0xffff, 
	0xffff, 0xffff, 0xffff, 0xffff, 0xffff, 0xffff, 0xffff, 0xffff, 0xffff, 0xffff, 0xffff, 0xffff, 0xffff, 0xffff, 0xffff, 0xffff, 
	0xffff, 0xffff, 0xffff, 0xffff, 0xffff, 0xffff, 0xffff, 0xffff, 0xffff, 0xffff, 0xffff, 0xffff, 0xffff, 0xffff, 0xffff, 0xffff, 
	0x4208, 0xffff, 0xffff, 0xffff, 0xffff, 0xffff, 0xffff, 0xffff, 0xffff, 0xffff, 0xffff, 0xffff, 0xffff, 0xffff, 0xffff, 0xffff, 
	0xffff, 0xffff, 0xffff, 0xffff, 0xffff, 0xffff, 0xffff, 0xffff, 0xffff, 0xffff, 0xffff, 0xffff, 0xffff, 0xffff, 0xffff, 0xffff, 
	0xffff, 0xffff, 0xffff, 0xffff, 0xffff, 0xffff, 0xffff, 0xffff, 0xffff, 0xffff, 0xffff, 0xffff, 0xffff, 0xffff, 0xffff, 0xffff, 
	0x4208, 0xffff, 0xffff, 0xffff, 0xffff, 0xffff, 0xffff, 0xffff, 0xffff, 0xffff, 0xffff, 0xffff, 0xffff, 0xffff, 0xffff, 0xffff, 
	0xffff, 0xffff, 0xffff, 0xffff, 0xffff, 0xffff, 0xffff, 0xffff, 0xffff, 0xffff, 0xffff, 0xffff, 0xffff, 0xffff, 0xffff, 0xffff, 
	0xffff, 0xffff, 0xffff, 0xffff, 0xffff, 0xffff, 0xffff, 0xffff, 0xffff, 0xffff, 0xffff, 0xffff, 0xffff, 0xffff, 0xffff, 0xffff, 
	0x4208, 0xffff, 0xffff, 0xffff, 0xffff, 0xffff, 0xffff, 0xffff, 0xffff, 0xffff, 0xffff, 0xffff, 0xffff, 0xffff, 0xffff, 0xffff, 
	0xffff, 0xffff, 0xffff, 0xffff, 0xffff, 0xffff, 0xffff, 0xffff, 0xffff, 0xffff, 0xffff, 0xffff, 0xffff, 0xffff, 0xffff, 0xffff, 
	0xffff, 0xffff, 0xffff, 0xffff, 0xffff, 0xffff, 0xffff, 0xffff, 0xffff, 0xffff, 0xffff, 0xffff, 0xffff, 0xffff, 0xffff, 0xffff, 
	0x4208, 0xffff, 0xffff, 0xffff, 0xffff, 0xffff, 0xffff, 0xffff, 0xffff, 0xffff, 0xffff, 0xffff, 0xffff, 0xffff, 0xffff, 0xffff, 
	0xffff, 0xffff, 0xffff, 0xffff, 0xffff, 0xffff, 0xffff, 0xffff, 0xffff, 0xffff, 0xffff, 0xffff, 0xffff, 0xffff, 0xffff, 0xffff, 
	0xffff, 0xffff, 0xffff, 0xffff, 0xffff, 0xffff, 0xffff, 0xffff, 0xffff, 0xffff, 0xffff, 0xffff, 0xffff, 0xffff, 0xffff, 0xffff, 
	0x2124, 0xe71c, 0xffff, 0xffff, 0xffff, 0xffff, 0xffff, 0xffff, 0xffff, 0xffff, 0xffff, 0xffff, 0xffff, 0xffff, 0xffff, 0xffff, 
	0xffff, 0xffff, 0xffff, 0xffff, 0xffff, 0xffff, 0xffff, 0xffff, 0xffff, 0xffff, 0xffff, 0xffff, 0xffff, 0xffff, 0xffff, 0xffff, 
	0xffff, 0xffff, 0xffff, 0xffff, 0xffff, 0xffff, 0xffff, 0xffff, 0xffff, 0xffff, 0xffff, 0xffff, 0xffff, 0xffff, 0xffff, 0xef7d
};

// Array of all bitmaps for convenience. (Total bytes used to store images = 2320)
const int logo_allArray_LEN = 1;
const uint16_t* logo_allArray[1] = {
	logo_antenne
};


// 'bigfm', 48x48px
const uint16_t logo_bigfm [] = {
	0x20e3, 0x20e3, 0x20e3, 0x20e3, 0x20e3, 0x20e3, 0x20e3, 0x20e3, 0x20e3, 0x20e3, 0x20e3, 0x20e3, 0x20e3, 0x20e3, 0x20e3, 0x20e3, 
	0x20e3, 0x20e3, 0x20e3, 0x20e3, 0x20e3, 0x20e3, 0x20e3, 0x20e3, 0x20e3, 0x20e3, 0x20e3, 0x20e3, 0x20e3, 0x20e3, 0x20e3, 0x20e3, 
	0x20e3, 0x20e3, 0x20e3, 0x20e3, 0x20e3, 0x20e3, 0x20e3, 0x20e3, 0x20e3, 0x20e3, 0x20e3, 0x20e3, 0x20e3, 0x20e3, 0x20e3, 0x20e3, 
	0x20e3, 0x20e3, 0x20e3, 0x20e3, 0x20e3, 0x20e3, 0x20e3, 0x20e3, 0x20e3, 0x20e3, 0x20e3, 0x20e3, 0x20e3, 0x20e3, 0x20e3, 0x20e3, 
	0x20e3, 0x20e3, 0x20e3, 0x20e3, 0x20e3, 0x20e3, 0x20e3, 0x20e3, 0x20e3, 0x20e3, 0x20e3, 0x20e3, 0x20e3, 0x20e3, 0x20e3, 0x20e3, 
	0x20e3, 0x20e3, 0x20e3, 0x20e3, 0x20e3, 0x20e3, 0x20e3, 0x20e3, 0x20e3, 0x20e3, 0x20e3, 0x20e3, 0x20e3, 0x20e3, 0x20e3, 0x20e3, 
	0x20e3, 0x20e3, 0x20e3, 0x20e3, 0x20e3, 0x20e3, 0x20e3, 0x20e3, 0x20e3, 0x20e3, 0x20e3, 0x20e3, 0x20e3, 0x20e3, 0x20e3, 0x20e3, 
	0x20e3, 0x20e3, 0x20e3, 0x20e3, 0x20e3, 0x20e3, 0x20e3, 0x20e3, 0x20e3, 0x20e3, 0x20e3, 0x20e3, 0x20e3, 0x20e3, 0x20e3, 0x20e3, 
	0x20e3, 0x20e3, 0x20e3, 0x20e3, 0x20e3, 0x20e3, 0x20e3, 0x20e3, 0x20e3, 0x20e3, 0x20e3, 0x20e3, 0x20e3, 0x20e3, 0x20e3, 0x20e3, 
	0x20e3, 0x20e3, 0x20e3, 0x20e3, 0x20e3, 0x20e3, 0x20e3, 0x20e3, 0x20e3, 0x20e3, 0x20e3, 0x20e3, 0x20e3, 0x20e3, 0x20e3, 0x20e3, 
	0x20e3, 0x20e3, 0x20e3, 0x20e3, 0x20e3, 0x20e3, 0x20e3, 0x20e3, 0x20e3, 0x20e3, 0x20e3, 0x20e3, 0x20e3, 0x20e3, 0x20e3, 0x20e3, 
	0x20e3, 0x20e3, 0x20e3, 0x20e3, 0x20e3, 0x20e3, 0x20e3, 0x20e3, 0x20e3, 0x20e3, 0x20e3, 0x20e3, 0x20e3, 0x20e3, 0x20e3, 0x20e3, 
	0x20e3, 0x20e3, 0x20e3, 0x20e3, 0x20e3, 0x20e3, 0x20e3, 0x20e3, 0x20e3, 0x20e3, 0x20e3, 0x20e3, 0x20e3, 0x20e3, 0x20e3, 0x20e3, 
	0x20e3, 0x20e3, 0x20e3, 0x20e3, 0x20e3, 0x20e3, 0x20e3, 0x20e3, 0x20e3, 0x20e3, 0x20e3, 0x20e3, 0x20e3, 0x20e3, 0x20e3, 0x20e3, 
	0x20e3, 0x20e3, 0x20e3, 0x20e3, 0x20e3, 0x20e3, 0x20e3, 0x20e3, 0x20e3, 0x20e3, 0x20e3, 0x20e3, 0x20e3, 0x20e3, 0x20e3, 0x20e3, 
	0x20e3, 0x20e3, 0x20e3, 0x20e3, 0x20e3, 0x20e3, 0x20e3, 0x20e3, 0x20e3, 0x20e3, 0x20e3, 0x20e3, 0x20e3, 0x20e3, 0x20e3, 0x20e3, 
	0x20e3, 0x20e3, 0x20e3, 0x20e3, 0x20e3, 0x20e3, 0x20e3, 0x20e3, 0x20e3, 0x20e3, 0x20e3, 0x20e3, 0x20e3, 0x20e3, 0x20e3, 0x20e3, 
	0x20e3, 0x20e3, 0x20e3, 0x20e3, 0x20e3, 0x20e3, 0x20e3, 0x20e3, 0x20e3, 0x20e3, 0x20e3, 0x20e3, 0x20e3, 0x20e3, 0x20e3, 0x20e3, 
	0x20e3, 0x20e3, 0x20e3, 0x20e3, 0x20e3, 0x20e3, 0x20e3, 0x20e3, 0x20e3, 0x20e3, 0x20e3, 0x20e3, 0x20e3, 0x20e3, 0x20e3, 0x20e3, 
	0x20e3, 0x20e3, 0x20e3, 0x20e3, 0x20e3, 0x20e3, 0x20e3, 0x20e3, 0x20e3, 0x20e3, 0x20e3, 0x20e3, 0x20e3, 0x20e3, 0x20e3, 0x20e3, 
	0x20e3, 0x20e3, 0x20e3, 0x20e3, 0x20e3, 0x20e3, 0x20e3, 0x20e3, 0x20e3, 0x20e3, 0x20e3, 0x20e3, 0x20e3, 0x20e3, 0x20e3, 0x20e3, 
	0x20e3, 0x20e3, 0x20e3, 0x20e3, 0x20e3, 0x20e3, 0x20e3, 0x20e3, 0x20e3, 0x20e3, 0x20e3, 0x20e3, 0x20e3, 0x20e3, 0x20e3, 0x20e3, 
	0x20e3, 0x20e3, 0x20e3, 0x20e3, 0x20e3, 0x20e3, 0x20e3, 0x20e3, 0x20e3, 0x20e3, 0x20e3, 0x20e3, 0x20e3, 0x20e3, 0x20e3, 0x20e3, 
	0x20e3, 0x20e3, 0x20e3, 0x20e3, 0x20e3, 0x20e3, 0x20e3, 0x20e3, 0x20e3, 0x20e3, 0x20e3, 0x20e3, 0x20e3, 0x20e3, 0x20e3, 0x20e3, 
	0x20e3, 0x20e3, 0x20e3, 0x20e3, 0x20e3, 0x20e3, 0x20e3, 0x20e3, 0x20e3, 0x20e3, 0x20e3, 0x20e3, 0x20e3, 0x20e3, 0x20e3, 0x20e3, 
	0x20e3, 0x20e3, 0x20e3, 0x20e3, 0x20e3, 0x20e3, 0x20e3, 0x20e3, 0x20e3, 0x20e3, 0x20e3, 0x20e3, 0x20e3, 0x20e3, 0x20e3, 0x20e3, 
	0x20e3, 0x20e3, 0x20e3, 0x20e3, 0x20e3, 0x20e3, 0x20e3, 0x20e3, 0x20e3, 0x20e3, 0x20e3, 0x20e3, 0x20e3, 0x20e3, 0x20e3, 0x20e3, 
	0x20e3, 0x20e3, 0x20e3, 0x20e3, 0x20e3, 0x20e3, 0x20e3, 0x20e3, 0x20e3, 0x20e3, 0x20e3, 0x20e3, 0x20e3, 0x20e3, 0x20e3, 0x20e3, 
	0x20e3, 0x20e3, 0x20e3, 0x20e3, 0x20e3, 0x20e3, 0x20e3, 0x20e3, 0x20e3, 0x20e3, 0x20e3, 0x20e3, 0x20e3, 0x20e3, 0x20e3, 0x20e3, 
	0x20e3, 0x20e3, 0x20e3, 0x20e3, 0x20e3, 0x20e3, 0x20e3, 0x20e3, 0x20e3, 0x20e3, 0x20e3, 0x20e3, 0x20e3, 0x20e3, 0x20e3, 0x20e3, 
	0x20e3, 0x20e3, 0x20e3, 0x20e3, 0x20e3, 0x20e3, 0x20e3, 0x20e3, 0x20e3, 0x20e3, 0x20e3, 0x20e3, 0x20e3, 0x20e3, 0x20e3, 0x20e3, 
	0x20e3, 0x20e3, 0x20e3, 0x20e3, 0x20e3, 0x20e3, 0x20e3, 0x20e3, 0x20e3, 0x20e3, 0x20e3, 0x20e3, 0x20e3, 0x20e3, 0x20e3, 0x20e3, 
	0x20e3, 0x20e3, 0x20e3, 0x20e3, 0x20e3, 0x20e3, 0x20e3, 0x20e3, 0x20e3, 0x20e3, 0x20e3, 0x20e3, 0x20e3, 0x20e3, 0x20e3, 0x20e3, 
	0x20e3, 0x20e3, 0x20e3, 0x20e3, 0x20e3, 0x20e3, 0x20e3, 0x20e3, 0x20e3, 0x20e3, 0x20e3, 0x20e3, 0x20e3, 0x20e3, 0x20e3, 0x20e3, 
	0x20e3, 0x20e3, 0x20e3, 0x20e3, 0x20e3, 0x20e3, 0x20e3, 0x20e3, 0x20e3, 0x20e3, 0x20e3, 0x20e3, 0x20e3, 0x20e3, 0x20e3, 0x20e3, 
	0x20e3, 0x20e3, 0x20e3, 0x20e3, 0x20e3, 0x20e3, 0x20e3, 0x20e3, 0x20e3, 0x20e3, 0x20e3, 0x20e3, 0x20e3, 0x20e3, 0x20e3, 0x20e3, 
	0x20e3, 0x20e3, 0x20e3, 0x20e3, 0x20e3, 0x20e3, 0x20e3, 0x20e3, 0x20e3, 0x20e3, 0x20e3, 0x20e3, 0x20e3, 0x20e3, 0x20e3, 0x20e3, 
	0x20e3, 0x20e3, 0x20e3, 0x20e3, 0x20e3, 0x20e3, 0x20e3, 0x20e3, 0x20e3, 0x20e3, 0x20e3, 0x20e3, 0x20e3, 0x20e3, 0x20e3, 0x20e3, 
	0x20e3, 0x20e3, 0x20e3, 0x20e3, 0x20e3, 0x20e3, 0x20e3, 0x20e3, 0x20e3, 0x20e3, 0x20e3, 0x20e3, 0x20e3, 0x20e3, 0x20e3, 0x20e3, 
	0x20e3, 0x20e3, 0x20e3, 0x20e3, 0x20e3, 0x20e3, 0x20e3, 0x20e3, 0x20e3, 0x20e3, 0x20e3, 0x20e3, 0x20e3, 0x20e3, 0x20e3, 0x20e3, 
	0x20e3, 0x20e3, 0x20e3, 0x20e3, 0x20e3, 0x20e3, 0x20e3, 0x20e3, 0x20e3, 0x20e3, 0x20e3, 0x20e3, 0x20e3, 0x20e3, 0x20e3, 0x20e3, 
	0x20e3, 0x20e3, 0x20e4, 0x41e8, 0x5acb, 0x62ec, 0x5269, 0x2945, 0x20e3, 0x20e3, 0x20e3, 0x20e3, 0x20e3, 0x20e3, 0x20e3, 0x20e3, 
	0x20e3, 0x20e3, 0x20e3, 0x20e3, 0x20e3, 0x20e3, 0x20e3, 0x20e3, 0x20e3, 0x20e3, 0x20e3, 0x20e3, 0x20e3, 0x20e3, 0x20e3, 0x20e3, 
	0x20e3, 0x20e4, 0x20e3, 0x20e3, 0x20e3, 0x20e3, 0x20e3, 0x20e3, 0x20e3, 0x20e3, 0x20e3, 0x20e3, 0x20e3, 0x20e3, 0x20e3, 0x20e3, 
	0x2965, 0x6b2c, 0x8c51, 0x62eb, 0x3186, 0x2925, 0x4228, 0x8410, 0x7bcf, 0x4208, 0x20e4, 0x20e3, 0x20e3, 0x20e3, 0x20e3, 0x20e3, 
	0x20e3, 0x20e3, 0x20e3, 0x20e3, 0x20e3, 0x20e3, 0x20e3, 0x20e3, 0x20e3, 0x20e3, 0x20e3, 0x20e3, 0x20e3, 0x20e3, 0x20e3, 0x4a29, 
	0x738e, 0x736d, 0x738e, 0x39c7, 0x20e3, 0x20e3, 0x20e3, 0x20e3, 0x20e3, 0x20e3, 0x20e3, 0x20e3, 0x20e3, 0x20e3, 0x20e3, 0x41c7, 
	0x7bef, 0x39c7, 0x0000, 0x0000, 0x0000, 0x0000, 0x0000, 0x0000, 0x10a2, 0x6b4d, 0x630c, 0x20e4, 0x20e3, 0x20e3, 0x20e3, 0x20e3, 
	0x20e3, 0x20e3, 0x20e4, 0x39a6, 0x39c7, 0x39c7, 0x39c7, 0x39c7, 0x39c7, 0x3986, 0x20e3, 0x20e3, 0x20e3, 0x20e3, 0x4a28, 0x738e, 
	0x2104, 0x1061, 0x2925, 0x7bef, 0x3186, 0x20e3, 0x20e3, 0x20e3, 0x20e3, 0x20e3, 0x20e3, 0x20e3, 0x20e3, 0x20e3, 0x3186, 0x8c30, 
	0x18c3, 0x0000, 0x0000, 0x0000, 0x0000, 0x0000, 0x0000, 0x0000, 0x0000, 0x0020, 0x52aa, 0x6b2c, 0x20e3, 0x20e3, 0x20e3, 0x20e3, 
	0x20e3, 0x20e3, 0x3165, 0x8430, 0x528a, 0x52aa, 0x528a, 0x528a, 0x528a, 0x94b2, 0x20e3, 0x20e3, 0x20e3, 0x20e4, 0x8c30, 0x1861, 
	0x9a61, 0xe360, 0x9221, 0x18a2, 0x8c51, 0x20e3, 0x20e3, 0x20e3, 0x20e3, 0x20e3, 0x20e3, 0x20e3, 0x20e3, 0x2124, 0x9492, 0x4a49, 
	0x39e7, 0x39e7, 0x39e7, 0x2965, 0x0841, 0x39e7, 0x3186, 0x0000, 0x0000, 0x0861, 0x39c7, 0x9492, 0x39c7, 0x20e3, 0x20e3, 0x20e3, 
	0x20e3, 0x20e3, 0x2965, 0x5acb, 0x28a1, 0x6181, 0x6961, 0x5961, 0x1041, 0x8430, 0x20e3, 0x20e3, 0x20e3, 0x3165, 0x5acb, 0x6181, 
	0xfb80, 0xfb80, 0xf360, 0x4101, 0x736d, 0x2904, 0x20e3, 0x20e3, 0x20e3, 0x20e3, 0x20e3, 0x20e3, 0x20e3, 0x5a8a, 0xb596, 0xf7be, 
	0xf7be, 0xf7be, 0xf7be, 0xad55, 0x18e3, 0xf7be, 0xef5d, 0x18c3, 0x0000, 0x630c, 0xf79e, 0xce59, 0x8c71, 0x20e3, 0x20e3, 0x20e3, 
	0x20e3, 0x20e3, 0x2965, 0x5acb, 0x6981, 0xfb80, 0xfb80, 0xeb40, 0x28a1, 0x8c30, 0x2945, 0x2904, 0x20e3, 0x3145, 0x62eb, 0x5961, 
	0xfb80, 0xfb80, 0xeb80, 0x40e1, 0x738e, 0x2904, 0x20e3, 0x2904, 0x2945, 0x2104, 0x20e3, 0x20e3, 0x20e3, 0x738e, 0x6b4d, 0xf7be, 
	0xb5b6, 0x7bef, 0x7bef, 0x52aa, 0x18e3, 0xf7be, 0xf7be, 0x7bcf, 0x0841, 0xc618, 0xf7be, 0xc618, 0x5acb, 0x39a6, 0x20e3, 0x20e3, 
	0x20e3, 0x20e3, 0x2965, 0x5acb, 0x6981, 0xfb80, 0xfb80, 0xeb40, 0x28a1, 0x7bef, 0x6b4d, 0x736d, 0x738e, 0x39c7, 0x8c71, 0x1841, 
	0x8a01, 0xcae0, 0x79e1, 0x1061, 0x9cf3, 0x41c7, 0x738e, 0x6b6d, 0x6b4d, 0x6b6d, 0x736d, 0x736d, 0x736d, 0x630c, 0x632c, 0xf7be, 
	0x94b2, 0x39c7, 0x39c7, 0x0841, 0x18e3, 0xf7be, 0xf7be, 0xd69a, 0x6b6d, 0xf7be, 0xf7be, 0xc618, 0x2965, 0x5acb, 0x20e3, 0x20e3, 
	0x20e3, 0x20e3, 0x2965, 0x5acb, 0x6981, 0xfb80, 0xfb80, 0xeb40, 0x28a1, 0x1041, 0x2061, 0x1861, 0x2945, 0x8c51, 0x6b4d, 0x0820, 
	0x1020, 0x1840, 0x1020, 0x0820, 0x8410, 0x73ae, 0x2924, 0x1861, 0x2061, 0x1861, 0x1082, 0x1082, 0x1082, 0x1041, 0x630c, 0xf7be, 
	0xf79e, 0xef5d, 0xef5d, 0x2945, 0x18e3, 0xf7be, 0xf79e, 0xf7be, 0xef5d, 0xf79e, 0xf7be, 0xc618, 0x18c3, 0x7baf, 0x20e3, 0x20e3, 
	0x20e3, 0x20e3, 0x2965, 0x5acb, 0x6981, 0xfb80, 0xfb80, 0xf340, 0x9201, 0xe360, 0xfba0, 0xeb60, 0x9221, 0x1082, 0x3186, 0x4922, 
	0xdb40, 0xe360, 0xd320, 0x30a1, 0x31a7, 0x1861, 0x9a41, 0xeb80, 0xfba0, 0xeb80, 0x8a01, 0x7a01, 0xe340, 0xe340, 0xe4ed, 0xf7be, 
	0xc618, 0x8c71, 0x8c71, 0x18c3, 0x18e3, 0xf7be, 0xb596, 0xdedb, 0xf7be, 0xad75, 0xdefb, 0xc618, 0x10a2, 0x8410, 0x20e4, 0x20e3, 
	0x20e3, 0x20e3, 0x2965, 0x5acb, 0x6981, 0xfb80, 0xfb80, 0xfb80, 0xfb80, 0xfb80, 0xfb80, 0xfb80, 0xfb80, 0x79e1, 0x0000, 0x5121, 
	0xfb80, 0xfb80, 0xf340, 0x38c1, 0x0820, 0xa260, 0xfb80, 0xfb80, 0xfb80, 0xfb80, 0xfb80, 0xe340, 0xfb80, 0xfb80, 0xfd2b, 0xf7be, 
	0x7bef, 0x0000, 0x0000, 0x0000, 0x18e3, 0xf7be, 0xad55, 0x6b4d, 0xc638, 0x4228, 0xdedb, 0xc618, 0x18c3, 0x7bcf, 0x20e4, 0x20e3, 
	0x20e3, 0x20e3, 0x2965, 0x5acb, 0x6981, 0xfb80, 0xfb80, 0xfb80, 0xcae0, 0x89e1, 0xeb20, 0xfb80, 0xfb80, 0xeb60, 0x1861, 0x5121, 
	0xfb80, 0xfb80, 0xf340, 0x38c1, 0x30a1, 0xfb80, 0xfb80, 0xfb80, 0xf360, 0x89e1, 0xbaa0, 0xfb80, 0xfb80, 0xfb80, 0xfd2b, 0xf7be, 
	0x7bef, 0x0000, 0x0000, 0x0000, 0x18e3, 0xf7be, 0xad55, 0x0000, 0x0000, 0x18c3, 0xdedb, 0xc618, 0x3186, 0x52aa, 0x20e3, 0x20e3, 
	0x20e3, 0x20e3, 0x2965, 0x5acb, 0x6981, 0xfb80, 0xfb80, 0xeb40, 0x30a1, 0x2104, 0x6961, 0xfb80, 0xfb80, 0xfba0, 0x38c1, 0x5121, 
	0xfb80, 0xfb80, 0xf340, 0x38c1, 0x5121, 0xfb80, 0xfb80, 0xfb80, 0x81e1, 0x2104, 0x1861, 0xdb20, 0xfb80, 0xfb80, 0xd3e7, 0x8c71, 
	0x4a49, 0x0000, 0x0000, 0x0000, 0x1082, 0x8c71, 0x630c, 0x0000, 0x0000, 0x1082, 0x7bef, 0x738e, 0x62eb, 0x3186, 0x20e3, 0x20e3, 
	0x20e3, 0x20e3, 0x2965, 0x5acb, 0x6981, 0xfb80, 0xfb80, 0xdb00, 0x1841, 0x94b2, 0x38e1, 0xfb80, 0xfb80, 0xfb80, 0x40e1, 0x5121, 
	0xfb80, 0xfb80, 0xf340, 0x38c1, 0x6161, 0xfb80, 0xfb80, 0xfb80, 0x5940, 0x8430, 0x18c3, 0xc2c0, 0xfb80, 0xfb80, 0xa240, 0x0000, 
	0x0000, 0x0000, 0x0000, 0x0000, 0x0000, 0x0000, 0x0000, 0x0000, 0x0000, 0x0000, 0x0000, 0x10a2, 0x8c51, 0x20e3, 0x20e3, 0x20e3, 
	0x20e3, 0x20e3, 0x2965, 0x5acb, 0x6981, 0xfb80, 0xfb80, 0xe340, 0x2061, 0x4a6a, 0x5921, 0xfb80, 0xfb80, 0xfba0, 0x38c1, 0x5121, 
	0xfb80, 0xfb80, 0xf340, 0x38c1, 0x5121, 0xfb80, 0xfb80, 0xfb80, 0x71a1, 0x4a49, 0x1082, 0xd300, 0xfb80, 0xfb80, 0xa260, 0x0000, 
	0x0000, 0x0000, 0x0000, 0x0000, 0x0000, 0x0000, 0x0000, 0x0000, 0x0000, 0x0000, 0x0841, 0x6b6d, 0x39a6, 0x20e3, 0x20e3, 0x20e3, 
	0x20e3, 0x20e3, 0x2965, 0x5acb, 0x6981, 0xfb80, 0xfb80, 0xfb80, 0x9221, 0x40c1, 0xc2e0, 0xfb80, 0xfb80, 0xeb40, 0x2061, 0x5121, 
	0xfb80, 0xfb80, 0xf340, 0x30c1, 0x30a1, 0xfb80, 0xfb80, 0xfb80, 0xd320, 0x40e1, 0x71a2, 0xfb80, 0xfb80, 0xfb80, 0xa260, 0x18c3, 
	0x18e3, 0x0000, 0x0000, 0x0000, 0x0000, 0x0000, 0x0000, 0x0000, 0x0000, 0x0000, 0x62eb, 0x5acb, 0x20e3, 0x20e3, 0x20e3, 0x20e3, 
	0x20e3, 0x20e3, 0x2965, 0x5acb, 0x6981, 0xfb80, 0xfb80, 0xfb80, 0xfb80, 0xfb80, 0xfb80, 0xfb80, 0xfb80, 0xa241, 0x0820, 0x5121, 
	0xfb80, 0xfb80, 0xf340, 0x38c1, 0x0820, 0xb2c1, 0xfb80, 0xfb80, 0xfb80, 0xfb80, 0xfb80, 0xfb80, 0xfb80, 0xfb80, 0xa260, 0x39c7, 
	0xb596, 0x4208, 0x0020, 0x0000, 0x0000, 0x0000, 0x0000, 0x0000, 0x18c3, 0x7bef, 0x5aaa, 0x20e3, 0x20e3, 0x20e3, 0x20e3, 0x20e3, 
	0x20e3, 0x20e3, 0x2965, 0x5acb, 0x6981, 0xfba0, 0xfb80, 0xd300, 0xa240, 0xfb80, 0xfb80, 0xfb80, 0xd320, 0x2061, 0x18c3, 0x5121, 
	0xfb80, 0xfb80, 0xeb40, 0x30c1, 0x0000, 0x2061, 0xcb01, 0xfb80, 0xfb80, 0xfb80, 0xc2e1, 0xdb00, 0xfb80, 0xfb80, 0xa240, 0x39c7, 
	0x6b4d, 0x5acb, 0x8c71, 0x6b4d, 0x4a49, 0x4208, 0x5acb, 0x8430, 0x8410, 0x3986, 0x20e4, 0x20e3, 0x20e3, 0x20e3, 0x20e3, 0x20e3, 
	0x20e3, 0x20e3, 0x2965, 0x5acb, 0x1861, 0x40e1, 0x40e1, 0x30c1, 0x0820, 0x4901, 0x79c2, 0x5141, 0x1061, 0x630c, 0x630c, 0x1841, 
	0x38e1, 0x38e1, 0x38e1, 0x1040, 0x0820, 0x1841, 0x1840, 0x5141, 0x79c2, 0x4922, 0x1020, 0xc2c0, 0xfb80, 0xfb80, 0xa260, 0x39c7, 
	0x6b2c, 0x20e3, 0x20e3, 0x2945, 0x4a28, 0x5269, 0x3186, 0x20e4, 0x20e3, 0x20e3, 0x20e3, 0x20e3, 0x20e3, 0x20e3, 0x20e3, 0x20e3, 
	0x20e3, 0x20e3, 0x2945, 0x8c51, 0x6b4d, 0x6b4d, 0x6b4d, 0x6b4d, 0x6b4d, 0x6b2c, 0x5aaa, 0x632c, 0x738e, 0x6b2c, 0x8c51, 0x6b4d, 
	0x6b4d, 0x6b4d, 0x6b4d, 0x528a, 0x2881, 0xc2e0, 0xbaa0, 0xa240, 0x4101, 0x0820, 0x1020, 0xdb00, 0xfb80, 0xfb80, 0x9240, 0x41e7, 
	0x630c, 0x20e3, 0x20e3, 0x20e3, 0x20e3, 0x20e3, 0x20e3, 0x20e3, 0x20e3, 0x20e3, 0x20e3, 0x20e3, 0x20e3, 0x20e3, 0x20e3, 0x20e3, 
	0x20e3, 0x20e3, 0x20e4, 0x3186, 0x39a6, 0x39a6, 0x39a6, 0x39a6, 0x39a6, 0x41e7, 0x5269, 0x4208, 0x2945, 0x20e4, 0x3186, 0x39a6, 
	0x39a6, 0x39a6, 0x39a6, 0x73ae, 0x2061, 0xeb60, 0xfb80, 0xfb80, 0xe340, 0x9a41, 0xbaa0, 0xfb80, 0xfb80, 0xfb80, 0x6981, 0x528a, 
	0x4a49, 0x20e3, 0x20e4, 0x20e4, 0x20e3, 0x20e4, 0x20e4, 0x20e4, 0x20e3, 0x20e4, 0x20e4, 0x2104, 0x2104, 0x20e4, 0x20e3, 0x20e3, 
	0x20e3, 0x20e3, 0x20e3, 0x20e3, 0x20e3, 0x20e3, 0x20e3, 0x20e3, 0x20e3, 0x20e3, 0x20e3, 0x20e3, 0x20e3, 0x20e3, 0x20e3, 0x20e3, 
	0x20e3, 0x20e3, 0x20e3, 0x6b4d, 0x2124, 0x81e2, 0xfb80, 0xfb80, 0xfb80, 0xfb80, 0xfb80, 0xfb80, 0xfb80, 0xb2a0, 0x1861, 0x8c30, 
	0x2904, 0x3166, 0xdeba, 0x3166, 0x2104, 0xdefb, 0x9cf3, 0xad55, 0x3186, 0xdefb, 0xce59, 0xdefb, 0xce59, 0x3166, 0x20e3, 0x20e3, 
	0x20e3, 0x20e3, 0x20e3, 0x20e3, 0x20e3, 0x20e3, 0x20e3, 0x20e3, 0x20e3, 0x20e3, 0x20e3, 0x20e3, 0x20e3, 0x20e3, 0x20e3, 0x20e3, 
	0x20e3, 0x20e3, 0x20e3, 0x2945, 0x8c71, 0x1882, 0x5121, 0xa260, 0xcae0, 0xd300, 0xd300, 0xb2a0, 0x6981, 0x2082, 0x6b2c, 0x4a49, 
	0x20e3, 0x3186, 0xe73c, 0x3186, 0x2104, 0xef5d, 0x6b2c, 0xd69a, 0x736d, 0xc638, 0xbdd7, 0x8c71, 0x39c7, 0x20e4, 0x20e3, 0x20e3, 
	0x20e3, 0x20e3, 0x20e3, 0x20e3, 0x20e3, 0x20e3, 0x20e3, 0x20e3, 0x20e3, 0x20e3, 0x20e3, 0x20e3, 0x20e3, 0x20e3, 0x20e3, 0x20e3, 
	0x20e3, 0x20e3, 0x20e3, 0x20e3, 0x3165, 0x8c51, 0x6b4d, 0x3186, 0x18e3, 0x18c2, 0x18c3, 0x2124, 0x5acb, 0x8c51, 0x4a29, 0x20e3, 
	0x20e3, 0x3986, 0xe73c, 0x3186, 0x2104, 0xef5d, 0x4208, 0xd69a, 0xbdd7, 0x9492, 0xad75, 0xdeba, 0xa4f4, 0x20e3, 0x20e3, 0x20e3, 
	0x20e3, 0x20e3, 0x20e3, 0x20e3, 0x20e3, 0x20e3, 0x20e3, 0x20e3, 0x20e3, 0x20e3, 0x20e3, 0x20e3, 0x20e3, 0x20e3, 0x20e3, 0x20e3, 
	0x20e3, 0x20e3, 0x20e3, 0x20e3, 0x20e3, 0x20e4, 0x39a6, 0x5aaa, 0x736d, 0x7baf, 0x738e, 0x630c, 0x41e7, 0x2904, 0x20e3, 0x20e3, 
	0x20e3, 0x3186, 0xe73c, 0x41e7, 0x3165, 0xef5d, 0x4208, 0xad55, 0xf77d, 0x630c, 0xad75, 0x8c30, 0x3165, 0x20e4, 0x20e3, 0x20e3, 
	0x20e3, 0x20e3, 0x20e3, 0x20e3, 0x20e3, 0x20e3, 0x20e3, 0x20e3, 0x20e3, 0x20e3, 0x20e3, 0x20e3, 0x20e3, 0x20e3, 0x20e3, 0x20e3, 
	0x20e3, 0x20e3, 0x20e3, 0x20e3, 0x20e3, 0x20e3, 0x20e3, 0x20e3, 0x20e3, 0x20e3, 0x20e3, 0x20e3, 0x20e3, 0x20e3, 0x20e3, 0x20e3, 
	0x20e3, 0x3166, 0xc618, 0xd69a, 0xad55, 0xce59, 0x41c7, 0x736d, 0xd69a, 0x3186, 0x94b2, 0xd69a, 0xc618, 0x3165, 0x20e3, 0x20e3, 
	0x20e3, 0x20e3, 0x20e3, 0x20e3, 0x20e3, 0x20e3, 0x20e3, 0x20e3, 0x20e3, 0x20e3, 0x20e3, 0x20e3, 0x20e3, 0x20e3, 0x20e3, 0x20e3, 
	0x20e3, 0x20e3, 0x20e3, 0x20e3, 0x20e3, 0x20e3, 0x20e3, 0x20e3, 0x20e3, 0x20e3, 0x20e3, 0x20e3, 0x20e3, 0x20e3, 0x20e3, 0x20e3, 
	0x20e3, 0x20e3, 0x2104, 0x2104, 0x2104, 0x2104, 0x20e4, 0x20e4, 0x2104, 0x20e3, 0x20e4, 0x2104, 0x2104, 0x20e3, 0x20e3, 0x20e3, 
	0x20e3, 0x20e3, 0x20e3, 0x20e3, 0x20e3, 0x20e3, 0x20e3, 0x20e3, 0x20e3, 0x20e3, 0x20e3, 0x20e3, 0x20e3, 0x20e3, 0x20e3, 0x20e3, 
	0x20e3, 0x20e3, 0x20e3, 0x20e3, 0x20e3, 0x20e3, 0x20e3, 0x20e3, 0x20e3, 0x20e3, 0x20e3, 0x20e3, 0x20e3, 0x20e3, 0x20e3, 0x20e3, 
	0x20e3, 0x20e3, 0x20e3, 0x20e3, 0x20e3, 0x20e3, 0x20e3, 0x20e3, 0x20e3, 0x20e3, 0x20e3, 0x20e3, 0x20e3, 0x20e3, 0x20e3, 0x20e3, 
	0x20e3, 0x20e3, 0x20e3, 0x20e3, 0x20e3, 0x20e3, 0x20e3, 0x20e3, 0x20e3, 0x20e3, 0x20e3, 0x20e3, 0x20e3, 0x20e3, 0x20e3, 0x20e3, 
	0x20e3, 0x20e3, 0x20e3, 0x20e3, 0x20e3, 0x20e3, 0x20e3, 0x20e3, 0x20e3, 0x20e3, 0x20e3, 0x20e3, 0x20e3, 0x20e3, 0x20e3, 0x20e3, 
	0x20e3, 0x20e3, 0x20e3, 0x20e3, 0x20e3, 0x20e3, 0x20e3, 0x20e3, 0x20e3, 0x20e3, 0x20e3, 0x20e3, 0x20e3, 0x20e3, 0x20e3, 0x20e3, 
	0x20e3, 0x20e3, 0x20e3, 0x20e3, 0x20e3, 0x20e3, 0x20e3, 0x20e3, 0x20e3, 0x20e3, 0x20e3, 0x20e3, 0x20e3, 0x20e3, 0x20e3, 0x20e3, 
	0x20e3, 0x20e3, 0x20e3, 0x20e3, 0x20e3, 0x20e3, 0x20e3, 0x20e3, 0x20e3, 0x20e3, 0x20e3, 0x20e3, 0x20e3, 0x20e3, 0x20e3, 0x20e3, 
	0x20e3, 0x20e3, 0x20e3, 0x20e3, 0x20e3, 0x20e3, 0x20e3, 0x20e3, 0x20e3, 0x20e3, 0x20e3, 0x20e3, 0x20e3, 0x20e3, 0x20e3, 0x20e3, 
	0x20e3, 0x20e3, 0x20e3, 0x20e3, 0x20e3, 0x20e3, 0x20e3, 0x20e3, 0x20e3, 0x20e3, 0x20e3, 0x20e3, 0x20e3, 0x20e3, 0x20e3, 0x20e3, 
	0x20e3, 0x20e3, 0x20e3, 0x20e3, 0x20e3, 0x20e3, 0x20e3, 0x20e3, 0x20e3, 0x20e3, 0x20e3, 0x20e3, 0x20e3, 0x20e3, 0x20e3, 0x20e3, 
	0x20e3, 0x20e3, 0x20e3, 0x20e3, 0x20e3, 0x20e3, 0x20e3, 0x20e3, 0x20e3, 0x20e3, 0x20e3, 0x20e3, 0x20e3, 0x20e3, 0x20e3, 0x20e3, 
	0x20e3, 0x20e3, 0x20e3, 0x20e3, 0x20e3, 0x20e3, 0x20e3, 0x20e3, 0x20e3, 0x20e3, 0x20e3, 0x20e3, 0x20e3, 0x20e3, 0x20e3, 0x20e3, 
	0x20e3, 0x20e3, 0x20e3, 0x20e3, 0x20e3, 0x20e3, 0x20e3, 0x20e3, 0x20e3, 0x20e3, 0x20e3, 0x20e3, 0x20e3, 0x20e3, 0x20e3, 0x20e3, 
	0x20e3, 0x20e3, 0x20e3, 0x20e3, 0x20e3, 0x20e3, 0x20e3, 0x20e3, 0x20e3, 0x20e3, 0x20e3, 0x20e3, 0x20e3, 0x20e3, 0x20e3, 0x20e3, 
	0x20e3, 0x20e3, 0x20e3, 0x20e3, 0x20e3, 0x20e3, 0x20e3, 0x20e3, 0x20e3, 0x20e3, 0x20e3, 0x20e3, 0x20e3, 0x20e3, 0x20e3, 0x20e3, 
	0x20e3, 0x20e3, 0x20e3, 0x20e3, 0x20e3, 0x20e3, 0x20e3, 0x20e3, 0x20e3, 0x20e3, 0x20e3, 0x20e3, 0x20e3, 0x20e3, 0x20e3, 0x20e3, 
	0x20e3, 0x20e3, 0x20e3, 0x20e3, 0x20e3, 0x20e3, 0x20e3, 0x20e3, 0x20e3, 0x20e3, 0x20e3, 0x20e3, 0x20e3, 0x20e3, 0x20e3, 0x20e3, 
	0x20e3, 0x20e3, 0x20e3, 0x20e3, 0x20e3, 0x20e3, 0x20e3, 0x20e3, 0x20e3, 0x20e3, 0x20e3, 0x20e3, 0x20e3, 0x20e3, 0x20e3, 0x20e3, 
	0x20e3, 0x20e3, 0x20e3, 0x20e3, 0x20e3, 0x20e3, 0x20e3, 0x20e3, 0x20e3, 0x20e3, 0x20e3, 0x20e3, 0x20e3, 0x20e3, 0x20e3, 0x20e3, 
	0x20e3, 0x20e3, 0x20e3, 0x20e3, 0x20e3, 0x20e3, 0x20e3, 0x20e3, 0x20e3, 0x20e3, 0x20e3, 0x20e3, 0x20e3, 0x20e3, 0x20e3, 0x20e3, 
	0x20e3, 0x20e3, 0x20e3, 0x20e3, 0x20e3, 0x20e3, 0x20e3, 0x20e3, 0x20e3, 0x20e3, 0x20e3, 0x20e3, 0x20e3, 0x20e3, 0x20e3, 0x20e3, 
	0x20e3, 0x20e3, 0x20e3, 0x20e3, 0x20e3, 0x20e3, 0x20e3, 0x20e3, 0x20e3, 0x20e3, 0x20e3, 0x20e3, 0x20e3, 0x20e3, 0x20e3, 0x20e3, 
	0x20e3, 0x20e3, 0x20e3, 0x20e3, 0x20e3, 0x20e3, 0x20e3, 0x20e3, 0x20e3, 0x20e3, 0x20e3, 0x20e3, 0x20e3, 0x20e3, 0x20e3, 0x20e3
};

// Array of all bitmaps for convenience. (Total bytes used to store images = 2320)
const int logo_allArray_LEN = 1;
const uint16_t* logo_allArray[1] = {
	logo_bigfm
};

// Deutschlandfunk
// 'dlf', 48x48px
const uint16_t logo_dlf [] = {
	0x020e, 0x02d4, 0x02f4, 0x02f4, 0x02f4, 0x02f4, 0x02f4, 0x02f4, 0x02f4, 0x02f4, 0x02f4, 0x02f4, 0x02f4, 0x02f4, 0x02f4, 0x02f4, 
	0x02f4, 0x02f4, 0x02f4, 0x02f4, 0x02f4, 0x02f4, 0x02f4, 0x02f4, 0x02f4, 0x02f4, 0x02f4, 0x02f4, 0x02f4, 0x02f4, 0x02f4, 0x02f4, 
	0x02f4, 0x02f4, 0x02f4, 0x02f4, 0x02f4, 0x02f4, 0x02f4, 0x02f4, 0x02f4, 0x02f4, 0x02f4, 0x02f4, 0x02f4, 0x0271, 0x0927, 0x0882, 
	0x045f, 0x047f, 0x047f, 0x047f, 0x047f, 0x047f, 0x047f, 0x047f, 0x047f, 0x047f, 0x047f, 0x047f, 0x047f, 0x047f, 0x047f, 0x047f, 
	0x047f, 0x047f, 0x047f, 0x047f, 0x047f, 0x047f, 0x047f, 0x047f, 0x047f, 0x047f, 0x047f, 0x047f, 0x047f, 0x047f, 0x047f, 0x047f, 
	0x047f, 0x047f, 0x047f, 0x047f, 0x047f, 0x047f, 0x047f, 0x047f, 0x047f, 0x047f, 0x047f, 0x047f, 0x047f, 0x047f, 0x03da, 0x0906, 
	0x047f, 0x047f, 0x047f, 0x047f, 0x047f, 0x047f, 0x047f, 0x047f, 0x047f, 0x047f, 0x047f, 0x047f, 0x047f, 0x047f, 0x047f, 0x047f, 
	0x047f, 0x047f, 0x047f, 0x047f, 0x047f, 0x047f, 0x047f, 0x047f, 0x047f, 0x047f, 0x047f, 0x047f, 0x047f, 0x047f, 0x047f, 0x047f, 
	0x047f, 0x047f, 0x047f, 0x047f, 0x047f, 0x047f, 0x047f, 0x047f, 0x047f, 0x047f, 0x047f, 0x047f, 0x047f, 0x047f, 0x045f, 0x01ed, 
	0x047f, 0x047f, 0x047f, 0x047f, 0x047f, 0x047f, 0x047f, 0x047f, 0x047f, 0x047f, 0x047f, 0x047f, 0x047f, 0x047f, 0x047f, 0x047f, 
	0x047f, 0x047f, 0x047f, 0x047f, 0x047f, 0x047f, 0x047f, 0x047f, 0x047f, 0x047f, 0x047f, 0x047f, 0x047f, 0x047f, 0x047f, 0x047f, 
	0x047f, 0x047f, 0x047f, 0x047f, 0x047f, 0x047f, 0x047f, 0x047f, 0x047f, 0x047f, 0x047f, 0x047f, 0x047f, 0x047f, 0x047f, 0x022f, 
	0x047f, 0x047f, 0x047f, 0x047f, 0x047f, 0x047f, 0x047f, 0x047f, 0x047f, 0x047f, 0x047f, 0x047f, 0x047f, 0x047f, 0x047f, 0x047f, 
	0x047f, 0x047f, 0x047f, 0x047f, 0x047f, 0x047f, 0x047f, 0x047f, 0x047f, 0x047f, 0x047f, 0x047f, 0x047f, 0x047f, 0x047f, 0x047f, 
	0x047f, 0x047f, 0x047f, 0x047f, 0x047f, 0x047f, 0x047f, 0x047f, 0x047f, 0x047f, 0x047f, 0x047f, 0x047f, 0x047f, 0x047f, 0x022f, 
	0x047f, 0x047f, 0x047f, 0x047f, 0x047f, 0x047f, 0x047f, 0x047f, 0x047f, 0x047f, 0x047f, 0x047f, 0x047f, 0x047f, 0x047f, 0x047f, 
	0x047f, 0x047f, 0x047f, 0x047f, 0x047f, 0x047f, 0x047f, 0x047f, 0x047f, 0x047f, 0x047f, 0x047f, 0x047f, 0x047f, 0x047f, 0x047f, 
	0x047f, 0x047f, 0x047f, 0x047f, 0x047f, 0x047f, 0x047f, 0x047f, 0x047f, 0x047f, 0x047f, 0x047f, 0x047f, 0x047f, 0x047f, 0x022f, 
	0x047f, 0x047f, 0x047f, 0x047f, 0x047f, 0x047f, 0x047f, 0x047f, 0x047f, 0x047f, 0x047f, 0x047f, 0x047f, 0x047f, 0x047f, 0x047f, 
	0x047f, 0x047f, 0x047f, 0x047f, 0x047f, 0x047f, 0x047f, 0x047f, 0x047f, 0x047f, 0x047f, 0x047f, 0x047f, 0x047f, 0x047f, 0x047f, 
	0x047f, 0x047f, 0x047f, 0x047f, 0x047f, 0x047f, 0x047f, 0x047f, 0x047f, 0x047f, 0x047f, 0x047f, 0x047f, 0x047f, 0x047f, 0x022f, 
	0x047f, 0x047f, 0x047f, 0x047f, 0x047f, 0x047f, 0x047f, 0x047f, 0x047f, 0x047f, 0x047f, 0x047f, 0x047f, 0x047f, 0x047f, 0x047f, 
	0x047f, 0x047f, 0x047f, 0x047f, 0x047f, 0x047f, 0x047f, 0x047f, 0x047f, 0x047f, 0x047f, 0x047f, 0x047f, 0x047f, 0x047f, 0x047f, 
	0x047f, 0x047f, 0x047f, 0x047f, 0x047f, 0x047f, 0x047f, 0x047f, 0x047f, 0x047f, 0x047f, 0x047f, 0x047f, 0x047f, 0x047f, 0x022f, 
	0x047f, 0x047f, 0x047f, 0x047f, 0x047f, 0x047f, 0x047f, 0x047f, 0x047f, 0x047f, 0x047f, 0x047f, 0x047f, 0x047f, 0x047f, 0x047f, 
	0x047f, 0x047f, 0x047f, 0x047f, 0x047f, 0x047f, 0x047f, 0x047f, 0x047f, 0x047f, 0x047f, 0x047f, 0x047f, 0x047f, 0x047f, 0x047f, 
	0x047f, 0x047f, 0x047f, 0x047f, 0x047f, 0x047f, 0x047f, 0x047f, 0x047f, 0x047f, 0x047f, 0x047f, 0x047f, 0x047f, 0x047f, 0x022f, 
	0x047f, 0x047f, 0x047f, 0x047f, 0x047f, 0x047f, 0x047f, 0x047f, 0x047f, 0x255f, 0xcf9f, 0xd79f, 0xd79f, 0xd79f, 0xd79f, 0xd79f, 
	0xd79f, 0xd79f, 0xd79f, 0xd79f, 0xd79f, 0xd79f, 0xd79f, 0xd79f, 0xd79f, 0xd79f, 0xd79f, 0xd79f, 0x96df, 0x047f, 0x047f, 0x047f, 
	0x047f, 0x047f, 0x047f, 0x047f, 0x047f, 0x047f, 0x047f, 0x047f, 0x047f, 0x047f, 0x047f, 0x047f, 0x047f, 0x047f, 0x047f, 0x022f, 
	0x047f, 0x047f, 0x047f, 0x047f, 0x047f, 0x047f, 0x047f, 0x047f, 0x047f, 0x457f, 0xefff, 0xffff, 0xffff, 0xffff, 0xffff, 0xffff, 
	0xffff, 0xffff, 0xffff, 0xffff, 0xffff, 0xffff, 0xffff, 0xffff, 0xffff, 0xffff, 0xffff, 0xffff, 0xb71f, 0x047f, 0x047f, 0x047f, 
	0x047f, 0x047f, 0x047f, 0x047f, 0x047f, 0x047f, 0x047f, 0x047f, 0x047f, 0x047f, 0x047f, 0x047f, 0x047f, 0x047f, 0x047f, 0x022f, 
	0x047f, 0x047f, 0x047f, 0x047f, 0x047f, 0x047f, 0x047f, 0x047f, 0x047f, 0x1d5f, 0xb73f, 0xbf3f, 0xbf3f, 0xbf3f, 0xbf3f, 0xbf3f, 
	0xbf3f, 0xbf3f, 0xbf3f, 0xbf3f, 0xbf3f, 0xbf3f, 0xbf3f, 0xbf3f, 0xbf3f, 0xbf3f, 0xbf3f, 0xbf3f, 0x867f, 0x049f, 0x047f, 0x047f, 
	0x047f, 0x047f, 0x047f, 0x047f, 0x047f, 0x047f, 0x047f, 0x047f, 0x047f, 0x047f, 0x047f, 0x047f, 0x047f, 0x047f, 0x047f, 0x022f, 
	0x047f, 0x047f, 0x047f, 0x047f, 0x047f, 0x047f, 0x047f, 0x047f, 0x047f, 0x047f, 0x047f, 0x045f, 0x045f, 0x045f, 0x045f, 0x045f, 
	0x045f, 0x045f, 0x045f, 0x045f, 0x045f, 0x045f, 0x045f, 0x045f, 0x045f, 0x045f, 0x045f, 0x045f, 0x047f, 0x047f, 0x047f, 0x047f, 
	0x047f, 0x047f, 0x047f, 0x047f, 0x047f, 0x047f, 0x047f, 0x047f, 0x047f, 0x047f, 0x047f, 0x047f, 0x047f, 0x047f, 0x047f, 0x022f, 
	0x047f, 0x047f, 0x047f, 0x047f, 0x047f, 0x047f, 0x047f, 0x047f, 0x047f, 0x047f, 0x047f, 0x047f, 0x047f, 0x047f, 0x047f, 0x047f, 
	0x047f, 0x047f, 0x047f, 0x047f, 0x047f, 0x047f, 0x047f, 0x047f, 0x047f, 0x047f, 0x047f, 0x047f, 0x047f, 0x047f, 0x047f, 0x047f, 
	0x047f, 0x047f, 0x047f, 0x047f, 0x047f, 0x047f, 0x047f, 0x047f, 0x047f, 0x047f, 0x047f, 0x047f, 0x047f, 0x047f, 0x047f, 0x022f, 
	0x047f, 0x047f, 0x047f, 0x047f, 0x047f, 0x047f, 0x047f, 0x047f, 0x047f, 0x04bf, 0x459f, 0x4d9f, 0x4d9f, 0x4d9f, 0x4d9f, 0x4d9f, 
	0x4d9f, 0x4d9f, 0x4d9f, 0x4d9f, 0x4d9f, 0x4d9f, 0x4d9f, 0x4d9f, 0x4d9f, 0x4d9f, 0x4d9f, 0x4d9f, 0x4d9f, 0x4d9f, 0x4d9f, 0x4d9f, 
	0x4d9f, 0x4d9f, 0x4d9f, 0x357f, 0x047f, 0x047f, 0x047f, 0x047f, 0x047f, 0x047f, 0x047f, 0x047f, 0x047f, 0x047f, 0x047f, 0x022f, 
	0x047f, 0x047f, 0x047f, 0x047f, 0x047f, 0x047f, 0x047f, 0x047f, 0x047f, 0x457f, 0xefff, 0xf7ff, 0xf7ff, 0xf7ff, 0xf7ff, 0xf7ff, 
	0xf7ff, 0xf7ff, 0xf7ff, 0xf7ff, 0xf7ff, 0xf7ff, 0xf7ff, 0xf7ff, 0xf7ff, 0xf7ff, 0xf7ff, 0xf7ff, 0xf7ff, 0xf7ff, 0xf7ff, 0xf7ff, 
	0xf7ff, 0xf7ff, 0xf7ff, 0xcf9f, 0x049f, 0x047f, 0x047f, 0x047f, 0x047f, 0x047f, 0x047f, 0x047f, 0x047f, 0x047f, 0x047f, 0x022f, 
	0x047f, 0x047f, 0x047f, 0x047f, 0x047f, 0x047f, 0x047f, 0x047f, 0x047f, 0x457e, 0xf7ff, 0xffff, 0xffff, 0xffff, 0xffff, 0xffff, 
	0xffff, 0xffff, 0xffff, 0xffff, 0xffff, 0xffff, 0xffff, 0xffff, 0xffff, 0xffff, 0xffff, 0xffff, 0xffff, 0xffff, 0xffff, 0xffff, 
	0xffff, 0xffff, 0xffff, 0xd79f, 0x049f, 0x047f, 0x047f, 0x047f, 0x047f, 0x047f, 0x047f, 0x047f, 0x047f, 0x047f, 0x047f, 0x022f, 
	0x047f, 0x047f, 0x047f, 0x047f, 0x047f, 0x047f, 0x047f, 0x047f, 0x047f, 0x459f, 0xf7ff, 0xffff, 0xffff, 0xffff, 0xffff, 0xffff, 
	0xffff, 0xffff, 0xffff, 0xffff, 0xffff, 0xffff, 0xffff, 0xffff, 0xffff, 0xffff, 0xffff, 0xffff, 0xffff, 0xffff, 0xffff, 0xffff, 
	0xffff, 0xffff, 0xffff, 0xd79f, 0x049f, 0x047f, 0x047f, 0x047f, 0x047f, 0x047f, 0x047f, 0x047f, 0x047f, 0x047f, 0x047f, 0x022f, 
	0x047f, 0x047f, 0x047f, 0x047f, 0x047f, 0x047f, 0x047f, 0x047f, 0x047f, 0x0d1f, 0x869f, 0x8e9f, 0x8e9f, 0x8e9f, 0x8e9f, 0x8e9f, 
	0x8e9f, 0x8e9f, 0x8e9f, 0x8e9f, 0x8e9f, 0x8e9f, 0x8e9f, 0x8e9f, 0x8e9f, 0x8e9f, 0x8e9f, 0x8e9f, 0x8e9f, 0x8e9f, 0x8e9f, 0x8e9f, 
	0x8e9f, 0x8e9f, 0x8e9f, 0x763f, 0x049f, 0x047f, 0x047f, 0x047f, 0x047f, 0x047f, 0x047f, 0x047f, 0x047f, 0x047f, 0x047f, 0x022f, 
	0x047f, 0x047f, 0x047f, 0x047f, 0x047f, 0x047f, 0x047f, 0x047f, 0x047f, 0x047f, 0x047f, 0x047f, 0x047f, 0x047f, 0x047f, 0x047f, 
	0x047f, 0x047f, 0x047f, 0x047f, 0x047f, 0x047f, 0x047f, 0x047f, 0x047f, 0x047f, 0x047f, 0x047f, 0x047f, 0x047f, 0x047f, 0x047f, 
	0x047f, 0x047f, 0x047f, 0x047f, 0x047f, 0x047f, 0x047f, 0x047f, 0x047f, 0x047f, 0x047f, 0x047f, 0x047f, 0x047f, 0x047f, 0x022f, 
	0x047f, 0x047f, 0x047f, 0x047f, 0x047f, 0x047f, 0x047f, 0x047f, 0x047f, 0x047f, 0x047f, 0x047f, 0x047f, 0x047f, 0x047f, 0x047f, 
	0x047f, 0x047f, 0x047f, 0x047f, 0x047f, 0x047f, 0x047f, 0x047f, 0x047f, 0x047f, 0x047f, 0x047f, 0x047f, 0x047f, 0x047f, 0x047f, 
	0x047f, 0x047f, 0x047f, 0x047f, 0x047f, 0x047f, 0x047f, 0x047f, 0x047f, 0x047f, 0x047f, 0x047f, 0x047f, 0x047f, 0x047f, 0x022f, 
	0x047f, 0x047f, 0x047f, 0x047f, 0x047f, 0x047f, 0x047f, 0x047f, 0x047f, 0x04bf, 0x355f, 0x3d5f, 0x357f, 0x357f, 0x357f, 0x357f, 
	0x357f, 0x357f, 0x357f, 0x357f, 0x3d5f, 0x357f, 0x357f, 0x3d5f, 0x357f, 0x357f, 0x357f, 0x3d5f, 0x357f, 0x357f, 0x3d5f, 0x357f, 
	0x357f, 0x3d5f, 0x3d5f, 0x3d5f, 0x3d7f, 0x3d5f, 0x151f, 0x047f, 0x047f, 0x047f, 0x047f, 0x047f, 0x047f, 0x047f, 0x047f, 0x022f, 
	0x047f, 0x047f, 0x047f, 0x047f, 0x047f, 0x047f, 0x047f, 0x047f, 0x047f, 0x3d7f, 0xe7df, 0xefdf, 0xefdf, 0xefdf, 0xefdf, 0xefdf, 
	0xefdf, 0xefdf, 0xefdf, 0xefdf, 0xefdf, 0xefdf, 0xefdf, 0xefdf, 0xefdf, 0xefdf, 0xefdf, 0xefdf, 0xefdf, 0xefdf, 0xefdf, 0xefdf, 
	0xefdf, 0xefdf, 0xefdf, 0xefdf, 0xefdf, 0xefdf, 0xa6ff, 0x047f, 0x047f, 0x047f, 0x047f, 0x047f, 0x047f, 0x047f, 0x047f, 0x022f, 
	0x047f, 0x047f, 0x047f, 0x047f, 0x047f, 0x047f, 0x047f, 0x047f, 0x047f, 0x457e, 0xf7ff, 0xffff, 0xffff, 0xffff, 0xffff, 0xffff, 
	0xffff, 0xffff, 0xffff, 0xffff, 0xffff, 0xffff, 0xffff, 0xffff, 0xffff, 0xffff, 0xffff, 0xffff, 0xffff, 0xffff, 0xffff, 0xffff, 
	0xffff, 0xffff, 0xffff, 0xffff, 0xffff, 0xffff, 0xaeff, 0x047f, 0x047f, 0x047f, 0x047f, 0x047f, 0x047f, 0x047f, 0x047f, 0x022f, 
	0x047f, 0x047f, 0x047f, 0x047f, 0x047f, 0x047f, 0x047f, 0x047f, 0x047f, 0x457e, 0xf7ff, 0xffff, 0xffff, 0xffff, 0xffff, 0xffff, 
	0xffff, 0xffff, 0xffff, 0xffff, 0xffff, 0xffff, 0xffff, 0xffff, 0xffff, 0xffff, 0xffff, 0xffff, 0xffff, 0xffff, 0xffff, 0xffff, 
	0xffff, 0xffff, 0xffff, 0xffff, 0xffff, 0xffff, 0xaeff, 0x047f, 0x047f, 0x047f, 0x047f, 0x047f, 0x047f, 0x047f, 0x047f, 0x022f, 
	0x047f, 0x047f, 0x047f, 0x047f, 0x047f, 0x047f, 0x047f, 0x047f, 0x047f, 0x457e, 0xf7ff, 0xffff, 0xffff, 0xffff, 0xffff, 0xffff, 
	0xffff, 0xffff, 0xffff, 0xffff, 0xffff, 0xffff, 0xffff, 0xffff, 0xffff, 0xffff, 0xffff, 0xffff, 0xffff, 0xffff, 0xffff, 0xffff, 
	0xffff, 0xffff, 0xffff, 0xffff, 0xffff, 0xffff, 0xaeff, 0x047f, 0x047f, 0x047f, 0x047f, 0x047f, 0x047f, 0x047f, 0x047f, 0x022f, 
	0x047f, 0x047f, 0x047f, 0x047f, 0x047f, 0x047f, 0x047f, 0x047f, 0x047f, 0x457f, 0xf7ff, 0xffff, 0xffff, 0xffff, 0xffff, 0xffff, 
	0xffff, 0xffff, 0xffff, 0xffff, 0xffff, 0xffff, 0xffff, 0xffff, 0xffff, 0xffff, 0xffff, 0xffff, 0xffff, 0xffff, 0xffff, 0xffff, 
	0xffff, 0xffff, 0xffff, 0xffff, 0xffff, 0xffff, 0xaeff, 0x047f, 0x047f, 0x047f, 0x047f, 0x047f, 0x047f, 0x047f, 0x047f, 0x022f, 
	0x047f, 0x047f, 0x047f, 0x047f, 0x047f, 0x047f, 0x047f, 0x047f, 0x047f, 0x2d5f, 0xc77f, 0xd77f, 0xd77f, 0xd77f, 0xd77f, 0xd77f, 
	0xd77f, 0xd77f, 0xd77f, 0xd77f, 0xd77f, 0xd77f, 0xd77f, 0xd77f, 0xd77f, 0xd77f, 0xd77f, 0xd77f, 0xd77f, 0xd77f, 0xd77f, 0xd77f, 
	0xd77f, 0xd77f, 0xd77f, 0xd77f, 0xd77f, 0xcf7f, 0x8e9f, 0x047f, 0x047f, 0x047f, 0x047f, 0x047f, 0x047f, 0x047f, 0x047f, 0x022f, 
	0x047f, 0x047f, 0x047f, 0x047f, 0x047f, 0x047f, 0x047f, 0x047f, 0x047f, 0x049f, 0x04bf, 0x04bf, 0x04bf, 0x04bf, 0x04bf, 0x04bf, 
	0x04bf, 0x04bf, 0x04bf, 0x04bf, 0x04bf, 0x04bf, 0x04bf, 0x04bf, 0x04bf, 0x04bf, 0x04bf, 0x04bf, 0x04bf, 0x04bf, 0x04bf, 0x04bf, 
	0x04bf, 0x04bf, 0x04bf, 0x04bf, 0x04bf, 0x04bf, 0x049f, 0x047f, 0x047f, 0x047f, 0x047f, 0x047f, 0x047f, 0x047f, 0x047f, 0x022f, 
	0x047f, 0x047f, 0x047f, 0x047f, 0x047f, 0x047f, 0x047f, 0x047f, 0x047f, 0x047f, 0x047f, 0x047f, 0x047f, 0x047f, 0x047f, 0x047f, 
	0x047f, 0x047f, 0x047f, 0x047f, 0x047f, 0x047f, 0x047f, 0x047f, 0x047f, 0x047f, 0x047f, 0x047f, 0x047f, 0x047f, 0x047f, 0x047f, 
	0x047f, 0x047f, 0x047f, 0x047f, 0x047f, 0x047f, 0x047f, 0x047f, 0x047f, 0x047f, 0x047f, 0x047f, 0x047f, 0x047f, 0x047f, 0x022f, 
	0x047f, 0x047f, 0x047f, 0x047f, 0x047f, 0x047f, 0x047f, 0x047f, 0x047f, 0x047f, 0x049f, 0x049f, 0x049f, 0x049f, 0x049f, 0x049f, 
	0x049f, 0x049f, 0x049f, 0x049f, 0x049f, 0x049f, 0x049f, 0x049f, 0x049f, 0x049f, 0x049f, 0x049f, 0x049f, 0x049f, 0x049f, 0x049f, 
	0x049f, 0x049f, 0x047f, 0x047f, 0x047f, 0x047f, 0x047f, 0x047f, 0x047f, 0x047f, 0x047f, 0x047f, 0x047f, 0x047f, 0x047f, 0x022f, 
	0x047f, 0x047f, 0x047f, 0x047f, 0x047f, 0x047f, 0x047f, 0x047f, 0x047f, 0x255f, 0xbf5f, 0xc75f, 0xc75f, 0xc75f, 0xc75f, 0xc75f, 
	0xc75f, 0xc75f, 0xc75f, 0xc75f, 0xc75f, 0xc75f, 0xc75f, 0xc75f, 0xc75f, 0xc75f, 0xc75f, 0xc75f, 0xc75f, 0xc75f, 0xc75f, 0xc75f, 
	0xc75f, 0xa71f, 0x04df, 0x047f, 0x047f, 0x047f, 0x047f, 0x047f, 0x047f, 0x047f, 0x047f, 0x047f, 0x047f, 0x047f, 0x047f, 0x022f, 
	0x047f, 0x047f, 0x047f, 0x047f, 0x047f, 0x047f, 0x047f, 0x047f, 0x047f, 0x459f, 0xf7ff, 0xffff, 0xffff, 0xffff, 0xffff, 0xffff, 
	0xffff, 0xffff, 0xffff, 0xffff, 0xffff, 0xffff, 0xffff, 0xffff, 0xffff, 0xffff, 0xffff, 0xffff, 0xffff, 0xffff, 0xffff, 0xffff, 
	0xffff, 0xd79f, 0x04df, 0x047f, 0x047f, 0x047f, 0x047f, 0x047f, 0x047f, 0x047f, 0x047f, 0x047f, 0x047f, 0x047f, 0x047f, 0x022f, 
	0x047f, 0x047f, 0x047f, 0x047f, 0x047f, 0x047f, 0x047f, 0x047f, 0x047f, 0x459f, 0xf7ff, 0xffff, 0xffff, 0xffff, 0xffff, 0xffff, 
	0xffff, 0xffff, 0xffff, 0xffff, 0xffff, 0xffff, 0xffff, 0xffff, 0xffff, 0xffff, 0xffff, 0xffff, 0xffff, 0xffff, 0xffff, 0xffff, 
	0xffff, 0xd79f, 0x04df, 0x047f, 0x047f, 0x047f, 0x047f, 0x047f, 0x047f, 0x047f, 0x047f, 0x047f, 0x047f, 0x047f, 0x047f, 0x022f, 
	0x047f, 0x047f, 0x047f, 0x047f, 0x047f, 0x047f, 0x047f, 0x047f, 0x047f, 0x255f, 0xb73f, 0xbf3f, 0xbf3f, 0xc73f, 0xbf3f, 0xbf3f, 
	0xbf3f, 0xbf3f, 0xbf3f, 0xbf3f, 0xbf3f, 0xbf3f, 0xbf3f, 0xbf3f, 0xbf3f, 0xbf3f, 0xbf3f, 0xc73f, 0xbf3f, 0xc73f, 0xbf3f, 0xbf3f, 
	0xbf3f, 0xa6ff, 0x04df, 0x047f, 0x047f, 0x047f, 0x047f, 0x047f, 0x047f, 0x047f, 0x047f, 0x047f, 0x047f, 0x047f, 0x047f, 0x022f, 
	0x047f, 0x047f, 0x047f, 0x047f, 0x047f, 0x047f, 0x047f, 0x047f, 0x047f, 0x047f, 0x049f, 0x049f, 0x049f, 0x049f, 0x049f, 0x049f, 
	0x049f, 0x049f, 0x049f, 0x049f, 0x049f, 0x049f, 0x049f, 0x049f, 0x049f, 0x049f, 0x049f, 0x049f, 0x049f, 0x049f, 0x049f, 0x049f, 
	0x049f, 0x049f, 0x047f, 0x047f, 0x047f, 0x047f, 0x047f, 0x047f, 0x047f, 0x047f, 0x047f, 0x047f, 0x047f, 0x047f, 0x047f, 0x022f, 
	0x047f, 0x047f, 0x047f, 0x047f, 0x047f, 0x047f, 0x047f, 0x047f, 0x047f, 0x047f, 0x047f, 0x047f, 0x047f, 0x047f, 0x047f, 0x047f, 
	0x047f, 0x047f, 0x047f, 0x047f, 0x047f, 0x047f, 0x047f, 0x047f, 0x047f, 0x047f, 0x047f, 0x047f, 0x047f, 0x047f, 0x047f, 0x047f, 
	0x047f, 0x047f, 0x047f, 0x047f, 0x047f, 0x047f, 0x047f, 0x047f, 0x047f, 0x047f, 0x047f, 0x047f, 0x047f, 0x047f, 0x047f, 0x022f, 
	0x047f, 0x047f, 0x047f, 0x047f, 0x047f, 0x047f, 0x047f, 0x047f, 0x047f, 0x04bf, 0x459f, 0x4d9f, 0x4d9f, 0x4d9f, 0x4d9f, 0x4d9f, 
	0x4d9f, 0x4d9f, 0x4d9f, 0x4d9f, 0x4d9f, 0x4d9f, 0x4d9f, 0x4d9f, 0x4d9f, 0x4d9f, 0x4d9f, 0x4d9f, 0x1d3f, 0x047f, 0x047f, 0x047f, 
	0x047f, 0x047f, 0x047f, 0x047f, 0x047f, 0x047f, 0x047f, 0x047f, 0x047f, 0x047f, 0x047f, 0x047f, 0x047f, 0x047f, 0x047f, 0x022f, 
	0x047f, 0x047f, 0x047f, 0x047f, 0x047f, 0x047f, 0x047f, 0x047f, 0x047f, 0x457f, 0xe7df, 0xefdf, 0xefdf, 0xefdf, 0xefdf, 0xefdf, 
	0xefdf, 0xefdf, 0xefdf, 0xefdf, 0xefdf, 0xefdf, 0xefdf, 0xefdf, 0xefdf, 0xefdf, 0xefdf, 0xefdf, 0xa6ff, 0x047f, 0x047f, 0x047f, 
	0x047f, 0x047f, 0x047f, 0x047f, 0x047f, 0x047f, 0x047f, 0x047f, 0x047f, 0x047f, 0x047f, 0x047f, 0x047f, 0x047f, 0x047f, 0x022f, 
	0x047f, 0x047f, 0x047f, 0x047f, 0x047f, 0x047f, 0x047f, 0x047f, 0x047f, 0x255f, 0xc75f, 0xcf7f, 0xcf7f, 0xcf7f, 0xcf7f, 0xcf7f, 
	0xcf7f, 0xcf7f, 0xcf7f, 0xcf7f, 0xcf7f, 0xcf7f, 0xcf7f, 0xcf7f, 0xcf7f, 0xcf7f, 0xcf7f, 0xc77f, 0x8ebf, 0x047f, 0x047f, 0x047f, 
	0x047f, 0x047f, 0x047f, 0x047f, 0x047f, 0x047f, 0x047f, 0x047f, 0x047f, 0x047f, 0x047f, 0x047f, 0x047f, 0x047f, 0x047f, 0x022f, 
	0x047f, 0x047f, 0x047f, 0x047f, 0x047f, 0x047f, 0x047f, 0x047f, 0x047f, 0x047f, 0x049f, 0x049f, 0x049f, 0x049f, 0x049f, 0x049f, 
	0x049f, 0x049f, 0x049f, 0x049f, 0x049f, 0x049f, 0x049f, 0x049f, 0x049f, 0x049f, 0x049f, 0x049f, 0x049f, 0x047f, 0x047f, 0x047f, 
	0x047f, 0x047f, 0x047f, 0x047f, 0x047f, 0x047f, 0x047f, 0x047f, 0x047f, 0x047f, 0x047f, 0x047f, 0x047f, 0x047f, 0x047f, 0x022f, 
	0x047f, 0x047f, 0x047f, 0x047f, 0x047f, 0x047f, 0x047f, 0x047f, 0x047f, 0x047f, 0x047f, 0x047f, 0x047f, 0x047f, 0x047f, 0x047f, 
	0x047f, 0x047f, 0x047f, 0x047f, 0x047f, 0x047f, 0x047f, 0x047f, 0x047f, 0x047f, 0x047f, 0x047f, 0x047f, 0x047f, 0x047f, 0x047f, 
	0x047f, 0x047f, 0x047f, 0x047f, 0x047f, 0x047f, 0x047f, 0x047f, 0x047f, 0x047f, 0x047f, 0x047f, 0x047f, 0x047f, 0x047f, 0x022f, 
	0x047f, 0x047f, 0x047f, 0x047f, 0x047f, 0x047f, 0x047f, 0x047f, 0x047f, 0x047f, 0x047f, 0x047f, 0x047f, 0x047f, 0x047f, 0x047f, 
	0x047f, 0x047f, 0x047f, 0x047f, 0x047f, 0x047f, 0x047f, 0x047f, 0x047f, 0x047f, 0x047f, 0x047f, 0x047f, 0x047f, 0x047f, 0x047f, 
	0x047f, 0x047f, 0x047f, 0x047f, 0x047f, 0x047f, 0x047f, 0x047f, 0x047f, 0x047f, 0x047f, 0x047f, 0x047f, 0x047f, 0x047f, 0x022f, 
	0x047f, 0x047f, 0x047f, 0x047f, 0x047f, 0x047f, 0x047f, 0x047f, 0x047f, 0x047f, 0x047f, 0x047f, 0x047f, 0x047f, 0x047f, 0x047f, 
	0x047f, 0x047f, 0x047f, 0x047f, 0x047f, 0x047f, 0x047f, 0x047f, 0x047f, 0x047f, 0x047f, 0x047f, 0x047f, 0x047f, 0x047f, 0x047f, 
	0x047f, 0x047f, 0x047f, 0x047f, 0x047f, 0x047f, 0x047f, 0x047f, 0x047f, 0x047f, 0x047f, 0x047f, 0x047f, 0x047f, 0x047f, 0x022f, 
	0x047f, 0x047f, 0x047f, 0x047f, 0x047f, 0x047f, 0x047f, 0x047f, 0x047f, 0x047f, 0x047f, 0x047f, 0x047f, 0x047f, 0x047f, 0x047f, 
	0x047f, 0x047f, 0x047f, 0x047f, 0x047f, 0x047f, 0x047f, 0x047f, 0x047f, 0x047f, 0x047f, 0x047f, 0x047f, 0x047f, 0x047f, 0x047f, 
	0x047f, 0x047f, 0x047f, 0x047f, 0x047f, 0x047f, 0x047f, 0x047f, 0x047f, 0x047f, 0x047f, 0x047f, 0x047f, 0x047f, 0x047f, 0x022f, 
	0x047f, 0x047f, 0x047f, 0x047f, 0x047f, 0x047f, 0x047f, 0x047f, 0x047f, 0x047f, 0x047f, 0x047f, 0x047f, 0x047f, 0x047f, 0x047f, 
	0x047f, 0x047f, 0x047f, 0x047f, 0x047f, 0x047f, 0x047f, 0x047f, 0x047f, 0x047f, 0x047f, 0x047f, 0x047f, 0x047f, 0x047f, 0x047f, 
	0x047f, 0x047f, 0x047f, 0x047f, 0x047f, 0x047f, 0x047f, 0x047f, 0x047f, 0x047f, 0x047f, 0x047f, 0x047f, 0x047f, 0x047f, 0x022f, 
	0x047f, 0x047f, 0x047f, 0x047f, 0x047f, 0x047f, 0x047f, 0x047f, 0x047f, 0x047f, 0x047f, 0x047f, 0x047f, 0x047f, 0x047f, 0x047f, 
	0x047f, 0x047f, 0x047f, 0x047f, 0x047f, 0x047f, 0x047f, 0x047f, 0x047f, 0x047f, 0x047f, 0x047f, 0x047f, 0x047f, 0x047f, 0x047f, 
	0x047f, 0x047f, 0x047f, 0x047f, 0x047f, 0x047f, 0x047f, 0x047f, 0x047f, 0x047f, 0x047f, 0x047f, 0x047f, 0x047f, 0x045f, 0x0a0e, 
	0x047f, 0x047f, 0x047f, 0x047f, 0x047f, 0x047f, 0x047f, 0x047f, 0x047f, 0x047f, 0x047f, 0x047f, 0x047f, 0x047f, 0x047f, 0x047f, 
	0x047f, 0x047f, 0x047f, 0x047f, 0x047f, 0x047f, 0x047f, 0x047f, 0x047f, 0x047f, 0x047f, 0x047f, 0x047f, 0x047f, 0x047f, 0x047f, 
	0x047f, 0x047f, 0x047f, 0x047f, 0x047f, 0x047f, 0x047f, 0x047f, 0x047f, 0x047f, 0x047f, 0x047f, 0x047f, 0x047f, 0x03fc, 0x0927
};

// Array of all bitmaps for convenience. (Total bytes used to store images = 2320)
const int logo_allArray_LEN = 1;
const uint16_t* logo_allArray[1] = {
	logo_dlf
};

// Radio FFN
// 'ffn', 48x48px
const uint16_t logo_ffn [] = {
	0xffff, 0xffff, 0xffff, 0xffff, 0xffff, 0xffff, 0xffff, 0xffff, 0xffff, 0xffff, 0xffff, 0xffff, 0xffff, 0xffff, 0xffff, 0xffff, 
	0xffff, 0xffff, 0xffff, 0xffff, 0xffff, 0xffff, 0xffff, 0xffff, 0xffff, 0xffff, 0xffff, 0xffff, 0xffff, 0xffff, 0xffff, 0xffff, 
	0xffff, 0xffff, 0xffff, 0xffff, 0xffff, 0xffff, 0xffff, 0xffff, 0xffff, 0xffff, 0xffff, 0xffff, 0xffff, 0xffff, 0xffff, 0xffff, 
	0xffff, 0xffff, 0xffff, 0xffff, 0xffff, 0xffff, 0xffff, 0xffff, 0xffff, 0xffff, 0xffff, 0xffff, 0xffff, 0xffff, 0xffff, 0xffff, 
	0xffff, 0xffff, 0xffff, 0xffff, 0xffff, 0xffff, 0xffff, 0xffff, 0xffff, 0xffff, 0xffff, 0xffff, 0xffff, 0xffff, 0xffff, 0xffff, 
	0xffff, 0xffff, 0xffff, 0xffff, 0xffff, 0xffff, 0xffff, 0xffff, 0xffff, 0xffff, 0xffff, 0xffff, 0xffff, 0xffff, 0xffff, 0xffff, 
	0xffff, 0xffff, 0xffff, 0xffff, 0xffff, 0xffff, 0xffff, 0xffff, 0xffff, 0xffff, 0xffff, 0xffff, 0xffff, 0xffff, 0xffff, 0xffff, 
	0xffff, 0xffff, 0xffff, 0xffff, 0xffff, 0xffff, 0xffff, 0xffff, 0xffff, 0xffff, 0xffff, 0xffff, 0xffff, 0xffff, 0xffff, 0xffff, 
	0xffff, 0xffff, 0xffff, 0xffff, 0xffff, 0xffff, 0xffff, 0xffff, 0xffff, 0xffff, 0xffff, 0xffff, 0xffff, 0xffff, 0xffff, 0xffff, 
	0xffff, 0xffff, 0xdefb, 0x8c51, 0x5acb, 0x5aca, 0x5aca, 0x5aca, 0x5aca, 0x5aca, 0x5aca, 0x5aca, 0x5aca, 0x5aca, 0x5aca, 0x5aca, 
	0x5aca, 0x5aca, 0x5aca, 0x5aca, 0x5aca, 0x5aca, 0x5aca, 0x5aca, 0x5aca, 0x5aca, 0x5aca, 0x5aca, 0x5aca, 0x5aca, 0x5aca, 0x5aca, 
	0x5aca, 0x5aca, 0x5aca, 0x5aca, 0x5aca, 0x5aca, 0x5aca, 0x5aca, 0x5aca, 0x5aca, 0x5aca, 0x5aca, 0x5aca, 0x5aca, 0x52aa, 0x8c51, 
	0xffff, 0xe71c, 0x4228, 0x18e3, 0x10c2, 0x10a2, 0x10a2, 0x10a2, 0x10a2, 0x10a2, 0x10a2, 0x10a2, 0x10a2, 0x10a2, 0x10a2, 0x10a2, 
	0x10a2, 0x10a2, 0x10a2, 0x10a2, 0x10a2, 0x10a2, 0x10a2, 0x10a2, 0x10a2, 0x10a2, 0x10a2, 0x10a2, 0x10a2, 0x10a2, 0x10a2, 0x10a2, 
	0x10a2, 0x10a2, 0x10a2, 0x10a2, 0x10a2, 0x10a2, 0x10a2, 0x10a2, 0x10a2, 0x10a2, 0x10a2, 0x10a2, 0x10a2, 0x10c2, 0x18c3, 0x5acb, 
	0xf7df, 0x738e, 0x18c3, 0x39e7, 0xb5b6, 0xbdd7, 0xbdd7, 0xbdd7, 0xbdd7, 0xbdd7, 0xbdd7, 0xbdd7, 0xbdd7, 0xbdd7, 0xbdd7, 0xbdd7, 
	0xbdd7, 0xbdd7, 0xbdd7, 0xbdd7, 0xbdd7, 0xbdd7, 0xbdd7, 0xbdd7, 0xbdd7, 0xbdd7, 0xbdd7, 0xbdd7, 0xbdd7, 0xbdd7, 0xbdd7, 0xbdd7, 
	0xbdd7, 0xbdd7, 0xbdd7, 0xbdd7, 0xbdd7, 0xbdd7, 0xbdd7, 0xbdd7, 0xbdd7, 0xbdd7, 0xbdd7, 0xbdd7, 0xbdd7, 0x8430, 0x18c3, 0x5acb, 
	0xe71c, 0x39e7, 0x2124, 0xbdf7, 0xffff, 0xffff, 0xffff, 0xffff, 0xffff, 0xffff, 0xffff, 0xffff, 0xffff, 0xffff, 0xffff, 0xffff, 
	0xffff, 0xffff, 0xffff, 0xffff, 0xffff, 0xffff, 0xffff, 0xffff, 0xffff, 0xffff, 0xffff, 0xffff, 0xffff, 0xffff, 0xffff, 0xffff, 
	0xffff, 0xffff, 0xffff, 0xffff, 0xffff, 0xffff, 0xffff, 0xffff, 0xffff, 0xffff, 0xffff, 0xffff, 0xffff, 0xb596, 0x10c2, 0x5acb, 
	0xdedb, 0x3185, 0x2965, 0xd6ba, 0xffff, 0xffff, 0xffff, 0xffff, 0xffff, 0xffff, 0xffff, 0xffff, 0xffff, 0xffff, 0xffff, 0xffff, 
	0xffff, 0xffff, 0xffff, 0xffff, 0xffff, 0xffff, 0xffff, 0xffff, 0xffff, 0xffff, 0xffff, 0xffff, 0xffff, 0xffff, 0xffff, 0xffff, 
	0xffff, 0xffff, 0xffff, 0xffff, 0xffff, 0xffff, 0xffff, 0xffff, 0xffff, 0xffff, 0xffff, 0xffff, 0xffff, 0xb596, 0x18c2, 0x5acb, 
	0xdedb, 0x3185, 0x2965, 0xd6ba, 0xffff, 0xffff, 0xffff, 0xffff, 0xffff, 0xffff, 0xffff, 0xffff, 0xffff, 0xffff, 0xffff, 0xffff, 
	0xffff, 0xffff, 0xf7df, 0xef5d, 0xffff, 0xffff, 0xffff, 0xffff, 0xffff, 0xffff, 0xffff, 0xffff, 0xffff, 0xffff, 0xff7e, 0xff7d, 
	0xffff, 0xffff, 0xffff, 0xffff, 0xffff, 0xffff, 0xffff, 0xffff, 0xffff, 0xffff, 0xffff, 0xffff, 0xffff, 0xb596, 0x18c2, 0x5acb, 
	0xdedb, 0x3185, 0x2965, 0xd6ba, 0xffff, 0xffff, 0xffff, 0xffff, 0xffff, 0xe73c, 0xce79, 0xef7d, 0xe71c, 0xce59, 0xd69a, 0xffdf, 
	0xef7d, 0xce59, 0xb5b6, 0x94b2, 0xef7d, 0xf7be, 0xef5d, 0xc618, 0xc618, 0xe73c, 0xffff, 0xffff, 0xffff, 0xff7e, 0xdacc, 0xe22b, 
	0xf535, 0xff7d, 0xffff, 0xffff, 0xffff, 0xffff, 0xffff, 0xffff, 0xffff, 0xffff, 0xffff, 0xffff, 0xffff, 0xb596, 0x18c2, 0x5acb, 
	0xdedb, 0x3185, 0x2965, 0xd6ba, 0xffff, 0xffff, 0xffff, 0xffff, 0xffff, 0x738e, 0x9cd3, 0xd69a, 0x8410, 0xa514, 0x7bef, 0xce59, 
	0x7bef, 0x9cf3, 0x8c51, 0x8430, 0xa534, 0xc618, 0x8430, 0xa514, 0xa514, 0x8430, 0xffff, 0xffff, 0xffff, 0xfe9a, 0xd003, 0xe801, 
	0xd802, 0xd9c9, 0xfdd8, 0xffbf, 0xffff, 0xffff, 0xffff, 0xffff, 0xffff, 0xffff, 0xffff, 0xffff, 0xffff, 0xb596, 0x18c2, 0x5acb, 
	0xdedb, 0x3185, 0x2965, 0xd6ba, 0xffff, 0xffff, 0xffff, 0xffff, 0xffff, 0x8410, 0xffff, 0xf7be, 0x8c71, 0x8c71, 0x738e, 0xc618, 
	0x8410, 0xffff, 0xdedb, 0x8c51, 0xad54, 0xc638, 0x8c51, 0xef5d, 0xef7d, 0x8c71, 0xffff, 0xffff, 0xffff, 0xfe9a, 0xd003, 0xe801, 
	0xe801, 0xe001, 0xd802, 0xe20a, 0xf515, 0xff7d, 0xffff, 0xffff, 0xffff, 0xffff, 0xffff, 0xffff, 0xffff, 0xb596, 0x18c2, 0x5acb, 
	0xdedb, 0x3185, 0x2965, 0xd6ba, 0xffff, 0xffff, 0xffff, 0xffff, 0xffff, 0x8c51, 0xffff, 0xef7d, 0x8430, 0xad55, 0x8c71, 0xd69a, 
	0x8c71, 0xad54, 0x94b2, 0x8c71, 0xad75, 0xce59, 0x9492, 0xa514, 0xa514, 0x9492, 0xffff, 0xffff, 0xffff, 0xfe9a, 0xd003, 0xe801, 
	0xe801, 0xe002, 0xe801, 0xe001, 0xd803, 0xeacd, 0xfdb7, 0xffbe, 0xffff, 0xffff, 0xffff, 0xffff, 0xffff, 0xb596, 0x18c2, 0x5acb, 
	0xdedb, 0x3185, 0x2965, 0xd6ba, 0xffff, 0xffff, 0xffff, 0xffff, 0xffff, 0xef5d, 0xffff, 0xffff, 0xef5d, 0xdedb, 0xdefb, 0xffff, 
	0xf79e, 0xdedb, 0xdedb, 0xef5d, 0xf79e, 0xf7be, 0xf79e, 0xdedb, 0xdedb, 0xf79e, 0xffff, 0xffff, 0xffff, 0xfe9a, 0xd003, 0xe801, 
	0xe801, 0xe801, 0xe002, 0xe801, 0xe801, 0xe001, 0xd803, 0xe28c, 0xfe59, 0xffff, 0xffff, 0xffff, 0xffff, 0xb596, 0x18c2, 0x5acb, 
	0xdedb, 0x3185, 0x2965, 0xd6ba, 0xffff, 0xffff, 0xffff, 0xffff, 0xffff, 0xffff, 0xffff, 0xffff, 0xffff, 0xffff, 0xffff, 0xffff, 
	0xffff, 0xffff, 0xffff, 0xffff, 0xffff, 0xffff, 0xffff, 0xffff, 0xffff, 0xffff, 0xffff, 0xffff, 0xffff, 0xfe9a, 0xd003, 0xe801, 
	0xe801, 0xe801, 0xe801, 0xe801, 0xe801, 0xe801, 0xe801, 0xe001, 0xd107, 0xfefc, 0xffff, 0xffff, 0xffff, 0xb596, 0x18c2, 0x5acb, 
	0xdedb, 0x3185, 0x2965, 0xd6ba, 0xffff, 0xffff, 0xffff, 0xffff, 0xffff, 0xffff, 0xffff, 0xffff, 0xffff, 0xffff, 0xffff, 0xffff, 
	0xffff, 0xffff, 0xffff, 0xffff, 0xffff, 0xffff, 0xffff, 0xffff, 0xffff, 0xffff, 0xffff, 0xffff, 0xffff, 0xfe9a, 0xd003, 0xe801, 
	0xe801, 0xe801, 0xe801, 0xe801, 0xe801, 0xe801, 0xe001, 0xd003, 0xe34f, 0xffbe, 0xffff, 0xffff, 0xffff, 0xb596, 0x18c2, 0x5acb, 
	0xdedb, 0x3185, 0x2965, 0xd6ba, 0xffff, 0xffff, 0xffff, 0xffff, 0xffff, 0xffff, 0xffdf, 0xad55, 0x52aa, 0x31a6, 0x31a6, 0x31a6, 
	0x5aeb, 0xffff, 0xffff, 0xf7be, 0x9cf3, 0x4228, 0x31a6, 0x31a6, 0x31a6, 0x7bcf, 0xffff, 0xffff, 0xffff, 0xfe9a, 0xd003, 0xe801, 
	0xe801, 0xe801, 0xe801, 0xe801, 0xe001, 0xd803, 0xe26c, 0xfe9a, 0xffdf, 0xffff, 0xffff, 0xffff, 0xffff, 0xb596, 0x18c2, 0x5acb, 
	0xdedb, 0x3185, 0x2965, 0xd6ba, 0xffff, 0xffff, 0xffff, 0xffff, 0xffff, 0xef7d, 0x7bef, 0x18c3, 0x18e3, 0x18e3, 0x18e3, 0x18e3, 
	0x39c6, 0xffff, 0xe73c, 0x52aa, 0x18c2, 0x18e3, 0x18e3, 0x18e3, 0x18e3, 0x5aca, 0xffff, 0xffff, 0xffff, 0xfe9a, 0xd003, 0xe801, 
	0xe801, 0xe801, 0xe001, 0xd804, 0xe26c, 0xfdf8, 0xffbe, 0xffff, 0xffff, 0xffff, 0xffff, 0xffff, 0xffff, 0xb596, 0x18c2, 0x5acb, 
	0xdedb, 0x3185, 0x2965, 0xd6ba, 0xffff, 0xffff, 0xffff, 0xffff, 0xffff, 0x9cd3, 0x18c3, 0x18e3, 0x18e3, 0x18e3, 0x18e3, 0x18e3, 
	0x39c6, 0xffff, 0x7bef, 0x18c3, 0x18e3, 0x18e3, 0x18e3, 0x18e3, 0x18e3, 0x5acb, 0xffff, 0xffff, 0xffff, 0xfe9a, 0xd003, 0xe801, 
	0xe001, 0xd802, 0xda0a, 0xfe18, 0xffbe, 0xffff, 0xffff, 0xffff, 0xffff, 0xffff, 0xffff, 0xffff, 0xffff, 0xb596, 0x18c2, 0x5acb, 
	0xdedb, 0x3185, 0x2965, 0xd6ba, 0xffff, 0xffff, 0xffff, 0xffff, 0xffff, 0x4a49, 0x18e3, 0x18e3, 0x18e3, 0x18e3, 0x18c2, 0x18c2, 
	0x31c6, 0xf7be, 0x31a6, 0x18e3, 0x18e3, 0x18e3, 0x18c3, 0x18c2, 0x10c2, 0x5aca, 0xffff, 0xffff, 0xffff, 0xff1c, 0xc845, 0xd803, 
	0xe22b, 0xfd76, 0xff7e, 0xffff, 0xffff, 0xffff, 0xffff, 0xffff, 0xffff, 0xffff, 0xffff, 0xffff, 0xffff, 0xb596, 0x18c2, 0x5acb, 
	0xdedb, 0x3185, 0x2965, 0xd6ba, 0xffff, 0xffff, 0xffff, 0xffff, 0xffff, 0x2965, 0x18e3, 0x18e3, 0x18e3, 0x39e7, 0x9492, 0x94b2, 
	0xad75, 0xef5d, 0x18e3, 0x18e3, 0x18e3, 0x18e3, 0x5289, 0x9492, 0x9492, 0xbdf7, 0xffff, 0xffff, 0xffff, 0xffdf, 0xf576, 0xf535, 
	0xff3d, 0xffdf, 0xffff, 0xffff, 0xffff, 0xffff, 0xffff, 0xffff, 0xffff, 0xffff, 0xffff, 0xffff, 0xffff, 0xb596, 0x18c2, 0x5acb, 
	0xdedb, 0x3185, 0x2965, 0xd6ba, 0xffff, 0xffff, 0xffff, 0xffff, 0xffff, 0x2965, 0x18e3, 0x18e3, 0x18e3, 0x8430, 0xffff, 0xffff, 
	0xffff, 0xef5d, 0x18c3, 0x18e3, 0x18e3, 0x18c3, 0xad75, 0xffff, 0xffff, 0xffff, 0xffff, 0xffff, 0xffff, 0xffff, 0xffff, 0xffff, 
	0xffff, 0xffff, 0xffff, 0xffff, 0xffff, 0xffff, 0xffff, 0xffff, 0xffff, 0xffff, 0xffff, 0xffff, 0xffff, 0xb596, 0x18c2, 0x5acb, 
	0xdedb, 0x3185, 0x2965, 0xd6ba, 0xffff, 0xffff, 0xffff, 0xffff, 0xffff, 0x2965, 0x18e3, 0x18e3, 0x18e3, 0x8430, 0xffff, 0xffff, 
	0xffff, 0xef5d, 0x18c2, 0x18e3, 0x18e3, 0x18c2, 0xad75, 0xffff, 0xffff, 0xffff, 0xffff, 0xffff, 0xffff, 0xffff, 0xffff, 0xffff, 
	0xffff, 0xffff, 0xffff, 0xffff, 0xffff, 0xffff, 0xffff, 0xffff, 0xffff, 0xffff, 0xffff, 0xffff, 0xffff, 0xb596, 0x18c2, 0x5acb, 
	0xdedb, 0x3185, 0x2965, 0xd6ba, 0xffff, 0xffff, 0xffff, 0xf79e, 0xef7d, 0x2965, 0x18e3, 0x18e3, 0x18e3, 0x8410, 0xef7d, 0xef7d, 
	0xef7d, 0xdedb, 0x18e3, 0x18e3, 0x18e3, 0x18c3, 0xb514, 0xff5d, 0xff5d, 0xff5d, 0xff5d, 0xef7d, 0xef7d, 0xef7d, 0xef7d, 0xef7d, 
	0xef7d, 0xef7d, 0xef7d, 0xef7d, 0xf7be, 0xffff, 0xffff, 0xffff, 0xffff, 0xffff, 0xffff, 0xffff, 0xffff, 0xb596, 0x18c2, 0x5acb, 
	0xdedb, 0x3185, 0x2965, 0xd6ba, 0xffff, 0xffff, 0xef5d, 0x4a49, 0x31a6, 0x18e3, 0x18e3, 0x18e3, 0x18e3, 0x2944, 0x31a6, 0x31a6, 
	0x31a6, 0x31a6, 0x18e3, 0x18e3, 0x18e3, 0x18c3, 0x98e5, 0xd866, 0xd866, 0xd866, 0xa927, 0x3986, 0x31a6, 0x31a6, 0x31a6, 0x31a6, 
	0x31a6, 0x31a6, 0x31a6, 0x31a6, 0x39e7, 0x6b6d, 0xce59, 0xffff, 0xffff, 0xffff, 0xffff, 0xffff, 0xffff, 0xb596, 0x18c2, 0x5acb, 
	0xdedb, 0x3185, 0x2965, 0xd6ba, 0xffff, 0xffff, 0xe71c, 0x2965, 0x18e3, 0x18e3, 0x18e3, 0x18e3, 0x18e3, 0x18e3, 0x18e3, 0x18e3, 
	0x18e3, 0x18e3, 0x18e3, 0x18e3, 0x18e3, 0x18c3, 0xa003, 0xe002, 0xe801, 0xe801, 0xa803, 0x20a2, 0x18e3, 0x18e3, 0x18e3, 0x18e3, 
	0x18e3, 0x18e3, 0x18e3, 0x18e3, 0x18e3, 0x18c3, 0x31c6, 0xdefb, 0xffff, 0xffff, 0xffff, 0xffff, 0xffff, 0xb596, 0x18c2, 0x5acb, 
	0xdedb, 0x3185, 0x2965, 0xd6ba, 0xffff, 0xffff, 0xe71c, 0x2965, 0x18e3, 0x18e3, 0x18e3, 0x18e3, 0x18e3, 0x18e3, 0x18e3, 0x18e3, 
	0x18e3, 0x18e3, 0x18e3, 0x18e3, 0x18e3, 0x18c3, 0xa003, 0xe002, 0xe801, 0xe801, 0xa803, 0x20a2, 0x18e3, 0x18e3, 0x18e3, 0x18e3, 
	0x18e3, 0x18e3, 0x18e3, 0x18e3, 0x18e3, 0x18e3, 0x18e3, 0x630b, 0xffff, 0xffff, 0xffff, 0xffff, 0xffff, 0xb596, 0x18c2, 0x5acb, 
	0xdedb, 0x3185, 0x2965, 0xd6ba, 0xffff, 0xffff, 0xef5d, 0x4a69, 0x39c6, 0x18e3, 0x18e3, 0x18e3, 0x18e3, 0x2945, 0x31c6, 0x31c6, 
	0x31c6, 0x31a6, 0x18e3, 0x18e3, 0x18e3, 0x18c3, 0x9906, 0xd8c7, 0xd8c7, 0xd8c7, 0xa927, 0x20a2, 0x18e3, 0x18e3, 0x18e3, 0x31a6, 
	0x31c6, 0x31c6, 0x31c6, 0x2103, 0x18e3, 0x18e3, 0x18e3, 0x18c3, 0xef5d, 0xffff, 0xffff, 0xffff, 0xffff, 0xb596, 0x18c2, 0x5acb, 
	0xdedb, 0x3185, 0x2965, 0xd6ba, 0xffff, 0xffff, 0xffff, 0xef5d, 0xe73c, 0x2965, 0x18e3, 0x18e3, 0x18e3, 0x7bef, 0xe73c, 0xe73c, 
	0xe73c, 0xd69a, 0x18e3, 0x18e3, 0x18e3, 0x18c3, 0xb4d3, 0xfefc, 0xfefc, 0xfefc, 0xcd76, 0x18c2, 0x18e3, 0x18e3, 0x18c2, 0xc618, 
	0xe73c, 0xe73c, 0xe71c, 0x632c, 0x18c3, 0x18e3, 0x18e3, 0x10a2, 0xdefb, 0xffff, 0xffff, 0xffff, 0xffff, 0xb596, 0x18c2, 0x5acb, 
	0xdedb, 0x3185, 0x2965, 0xd6ba, 0xffff, 0xffff, 0xffff, 0xffff, 0xffff, 0x2965, 0x18e3, 0x18e3, 0x18e3, 0x8c51, 0xffff, 0xffff, 
	0xffff, 0xef5d, 0x18c3, 0x18e3, 0x18e3, 0x18c3, 0xad75, 0xffff, 0xffff, 0xffff, 0xc638, 0x18c2, 0x18e3, 0x18e3, 0x10c2, 0xd69a, 
	0xffff, 0xffff, 0xffff, 0x94b2, 0x18c2, 0x18e3, 0x18e3, 0x10a2, 0xdefb, 0xffff, 0xffff, 0xffff, 0xffff, 0xb596, 0x18c2, 0x5acb, 
	0xdedb, 0x3185, 0x2965, 0xd6ba, 0xffff, 0xffff, 0xffff, 0xffff, 0xffff, 0x2965, 0x18e3, 0x18e3, 0x18e3, 0x8c51, 0xffff, 0xffff, 
	0xffff, 0xef5d, 0x18c3, 0x18e3, 0x18e3, 0x18c3, 0xad75, 0xffff, 0xffff, 0xffff, 0xc638, 0x18c2, 0x18e3, 0x18e3, 0x10c2, 0xd69a, 
	0xffff, 0xffff, 0xffff, 0x94b2, 0x18c2, 0x18e3, 0x18e3, 0x10a2, 0xdefb, 0xffff, 0xffff, 0xffff, 0xffff, 0xb596, 0x18c2, 0x5acb, 
	0xdedb, 0x3185, 0x2965, 0xd6ba, 0xffff, 0xffff, 0xffff, 0xffff, 0xffff, 0x2965, 0x18e3, 0x18e3, 0x18e3, 0x8c51, 0xffff, 0xffff, 
	0xffff, 0xef5d, 0x18c3, 0x18e3, 0x18e3, 0x18c3, 0xad75, 0xffff, 0xffff, 0xffff, 0xc638, 0x18c2, 0x18e3, 0x18e3, 0x10c2, 0xd69a, 
	0xffff, 0xffff, 0xffff, 0x94b2, 0x18c2, 0x18e3, 0x18e3, 0x10a2, 0xdefb, 0xffff, 0xffff, 0xffff, 0xffff, 0xb596, 0x18c2, 0x5acb, 
	0xdedb, 0x3185, 0x2965, 0xd6ba, 0xffff, 0xffff, 0xffff, 0xffff, 0xffff, 0x2965, 0x18e3, 0x18e3, 0x18e3, 0x8c51, 0xffff, 0xffff, 
	0xffff, 0xef5d, 0x18c3, 0x18e3, 0x18e3, 0x18c3, 0xad75, 0xffff, 0xffff, 0xffff, 0xc638, 0x18c2, 0x18e3, 0x18e3, 0x10c2, 0xd69a, 
	0xffff, 0xffff, 0xffff, 0x94b2, 0x18c2, 0x18e3, 0x18e3, 0x10a2, 0xdefb, 0xffff, 0xffff, 0xffff, 0xffff, 0xb596, 0x18c2, 0x5acb, 
	0xdedb, 0x3185, 0x2965, 0xd6ba, 0xffff, 0xffff, 0xffff, 0xffff, 0xffff, 0x2965, 0x18e3, 0x18e3, 0x18e3, 0x8c51, 0xffff, 0xffff, 
	0xffff, 0xef5d, 0x18c3, 0x18e3, 0x18e3, 0x18c3, 0xad75, 0xffff, 0xffff, 0xffff, 0xc638, 0x18c2, 0x18e3, 0x18e3, 0x10c2, 0xd69a, 
	0xffff, 0xffff, 0xffff, 0x94b2, 0x18c2, 0x18e3, 0x18e3, 0x10a2, 0xdefb, 0xffff, 0xffff, 0xffff, 0xffff, 0xb596, 0x18c2, 0x5acb, 
	0xdedb, 0x3185, 0x2965, 0xd6ba, 0xffff, 0xffff, 0xffff, 0xffff, 0xffff, 0x2965, 0x18e3, 0x18e3, 0x18e3, 0x8c51, 0xffff, 0xffff, 
	0xffff, 0xef5d, 0x18c3, 0x18e3, 0x18e3, 0x18c3, 0xad75, 0xffff, 0xffff, 0xffff, 0xc638, 0x18c2, 0x18e3, 0x18e3, 0x10c2, 0xd69a, 
	0xffff, 0xffff, 0xffff, 0x94b2, 0x18c2, 0x18e3, 0x18e3, 0x10a2, 0xdefb, 0xffff, 0xffff, 0xffff, 0xffff, 0xb596, 0x18c2, 0x5acb, 
	0xdedb, 0x3185, 0x2965, 0xd6ba, 0xffff, 0xffff, 0xffff, 0xffff, 0xffff, 0x2965, 0x18e3, 0x18e3, 0x18e3, 0x8c51, 0xffff, 0xffff, 
	0xffff, 0xef5d, 0x18c3, 0x18e3, 0x18e3, 0x18c3, 0xad75, 0xffff, 0xffff, 0xffff, 0xc638, 0x18c2, 0x18e3, 0x18e3, 0x10c2, 0xd69a, 
	0xffff, 0xffff, 0xffff, 0x94b2, 0x18c2, 0x18e3, 0x18e3, 0x10a2, 0xdefb, 0xffff, 0xffff, 0xffff, 0xffff, 0xb596, 0x18c2, 0x5acb, 
	0xdedb, 0x3185, 0x2965, 0xd6ba, 0xffff, 0xffff, 0xffff, 0xffff, 0xffff, 0x2965, 0x18e3, 0x18e3, 0x18e3, 0x8c51, 0xffff, 0xffff, 
	0xffff, 0xef5d, 0x18c2, 0x18e3, 0x18e3, 0x18c3, 0xad75, 0xffff, 0xffff, 0xffff, 0xc638, 0x18c2, 0x18e3, 0x18e3, 0x10c2, 0xd69a, 
	0xffff, 0xffff, 0xffff, 0x94b2, 0x18c2, 0x18e3, 0x18e3, 0x10a2, 0xdefb, 0xffff, 0xffff, 0xffff, 0xffff, 0xb596, 0x18c2, 0x5acb, 
	0xdedb, 0x3185, 0x2965, 0xd6ba, 0xffff, 0xffff, 0xffff, 0xffff, 0xffff, 0x2965, 0x18e3, 0x18e3, 0x18e3, 0x8c51, 0xffff, 0xffff, 
	0xffff, 0xef5d, 0x18c3, 0x18e3, 0x18e3, 0x18c3, 0xad75, 0xffff, 0xffff, 0xffff, 0xc638, 0x18c2, 0x18e3, 0x18e3, 0x10c2, 0xd69a, 
	0xffff, 0xffff, 0xffff, 0x94b2, 0x18c2, 0x18e3, 0x18e3, 0x10a2, 0xdefb, 0xffff, 0xffff, 0xffff, 0xffff, 0xb596, 0x18c2, 0x5acb, 
	0xdedb, 0x3185, 0x2965, 0xd6ba, 0xffff, 0xffff, 0xffff, 0xffff, 0xffff, 0x2965, 0x18e3, 0x18e3, 0x18e3, 0x8c51, 0xffff, 0xffff, 
	0xffff, 0xef5d, 0x18c3, 0x18e3, 0x18e3, 0x18c3, 0xad75, 0xffff, 0xffff, 0xffff, 0xc638, 0x18c2, 0x18e3, 0x18e3, 0x10c2, 0xd69a, 
	0xffff, 0xffff, 0xffff, 0x94b2, 0x18c2, 0x18e3, 0x18e3, 0x10a2, 0xdefb, 0xffff, 0xffff, 0xffff, 0xffff, 0xb596, 0x18c2, 0x5acb, 
	0xdedb, 0x3185, 0x2965, 0xd6ba, 0xffff, 0xffff, 0xffff, 0xffff, 0xffff, 0x2965, 0x18c3, 0x18c3, 0x18c2, 0x8c51, 0xffff, 0xffff, 
	0xffff, 0xef5d, 0x18c3, 0x18c3, 0x18c3, 0x10c2, 0xb596, 0xffff, 0xffff, 0xffff, 0xce59, 0x10c2, 0x18c3, 0x18c3, 0x10a2, 0xd69a, 
	0xffff, 0xffff, 0xffff, 0x94b2, 0x10a2, 0x18c3, 0x18c3, 0x10a2, 0xdefb, 0xffff, 0xffff, 0xffff, 0xffff, 0xb596, 0x18c2, 0x5acb, 
	0xdedb, 0x3185, 0x2965, 0xd6ba, 0xffff, 0xffff, 0xffff, 0xffff, 0xffff, 0xbdf7, 0xb595, 0xb595, 0xad75, 0xe71c, 0xffff, 0xffff, 
	0xffff, 0xffdf, 0xb5b6, 0xb595, 0xb595, 0xb595, 0xef5d, 0xffff, 0xffff, 0xffff, 0xf79e, 0xb596, 0xb595, 0xb595, 0xb596, 0xf7be, 
	0xffff, 0xffff, 0xffff, 0xe71c, 0xb596, 0xb595, 0xb595, 0xb5b6, 0xf7df, 0xffff, 0xffff, 0xffff, 0xffff, 0xb596, 0x18c2, 0x5acb, 
	0xdedb, 0x3185, 0x2965, 0xd6ba, 0xffff, 0xffff, 0xffff, 0xffff, 0xffff, 0xffff, 0xffff, 0xffff, 0xffff, 0xffff, 0xffff, 0xffff, 
	0xffff, 0xffff, 0xffff, 0xffff, 0xffff, 0xffff, 0xffff, 0xffff, 0xffff, 0xffff, 0xffff, 0xffff, 0xffff, 0xffff, 0xffff, 0xffff, 
	0xffff, 0xffff, 0xffff, 0xffff, 0xffff, 0xffff, 0xffff, 0xffff, 0xffff, 0xffff, 0xffff, 0xffff, 0xffff, 0xb596, 0x10c2, 0x5acb, 
	0xdedb, 0x3185, 0x2965, 0xd6ba, 0xffff, 0xffff, 0xffff, 0xffff, 0xffff, 0xffff, 0xffff, 0xffff, 0xffff, 0xffff, 0xffff, 0xffff, 
	0xffff, 0xffff, 0xffff, 0xffff, 0xffff, 0xffff, 0xffff, 0xffff, 0xffff, 0xffff, 0xffff, 0xffff, 0xffff, 0xffff, 0xffff, 0xffff, 
	0xffff, 0xffff, 0xffff, 0xffff, 0xffff, 0xffff, 0xffff, 0xffff, 0xffff, 0xffff, 0xffff, 0xffff, 0xffff, 0xad54, 0x10c2, 0x5aeb, 
	0xdedb, 0x3185, 0x2945, 0xad75, 0xce59, 0xce59, 0xce59, 0xce59, 0xce59, 0xce59, 0xce59, 0xce59, 0xce59, 0xce59, 0xce59, 0xce59, 
	0xce59, 0xce59, 0xce59, 0xce59, 0xce59, 0xce59, 0xce59, 0xce59, 0xce59, 0xce59, 0xce59, 0xce59, 0xce59, 0xce59, 0xce59, 0xce59, 
	0xce59, 0xce59, 0xce59, 0xce59, 0xce59, 0xce59, 0xce59, 0xce59, 0xce59, 0xce59, 0xce59, 0xce59, 0xad55, 0x39e7, 0x18c3, 0x9492, 
	0xdedb, 0x3185, 0x18e3, 0x2124, 0x2124, 0x2124, 0x2124, 0x2124, 0x2124, 0x2124, 0x2124, 0x2124, 0x2124, 0x2124, 0x2124, 0x2124, 
	0x2124, 0x2124, 0x2124, 0x2124, 0x2124, 0x2124, 0x2124, 0x2124, 0x2124, 0x2124, 0x2124, 0x2124, 0x2124, 0x2124, 0x2124, 0x2124, 
	0x2124, 0x2124, 0x2124, 0x2124, 0x2124, 0x2124, 0x2124, 0x2124, 0x2124, 0x2124, 0x2124, 0x2124, 0x18c3, 0x18c3, 0x4a69, 0xdefb, 
	0xdefb, 0x39e7, 0x2965, 0x2965, 0x2965, 0x2965, 0x2965, 0x2965, 0x2965, 0x2965, 0x2965, 0x2965, 0x2965, 0x2965, 0x2965, 0x2965, 
	0x2965, 0x2965, 0x2965, 0x2965, 0x2965, 0x2965, 0x2965, 0x2965, 0x2965, 0x2965, 0x2965, 0x2965, 0x2965, 0x2965, 0x2965, 0x2965, 
	0x2965, 0x2965, 0x2965, 0x2965, 0x2965, 0x2965, 0x2965, 0x2965, 0x2965, 0x2965, 0x2965, 0x2945, 0x3186, 0x630c, 0xe73c, 0xffff, 
	0xffdf, 0xe73c, 0xe71c, 0xe71c, 0xe71c, 0xe71c, 0xe71c, 0xe71c, 0xe71c, 0xe71c, 0xe71c, 0xe71c, 0xe71c, 0xe71c, 0xe71c, 0xe71c, 
	0xe71c, 0xe71c, 0xe71c, 0xe71c, 0xe71c, 0xe71c, 0xe71c, 0xe71c, 0xe71c, 0xe71c, 0xe71c, 0xe71c, 0xe71c, 0xe71c, 0xe71c, 0xe71c, 
	0xe71c, 0xe71c, 0xe71c, 0xe71c, 0xe71c, 0xe71c, 0xe71c, 0xe71c, 0xe71c, 0xe71c, 0xe71c, 0xe71c, 0xef5d, 0xffdf, 0xffff, 0xffff, 
	0xffff, 0xffff, 0xffff, 0xffff, 0xffff, 0xffff, 0xffff, 0xffff, 0xffff, 0xffff, 0xffff, 0xffff, 0xffff, 0xffff, 0xffff, 0xffff, 
	0xffff, 0xffff, 0xffff, 0xffff, 0xffff, 0xffff, 0xffff, 0xffff, 0xffff, 0xffff, 0xffff, 0xffff, 0xffff, 0xffff, 0xffff, 0xffff, 
	0xffff, 0xffff, 0xffff, 0xffff, 0xffff, 0xffff, 0xffff, 0xffff, 0xffff, 0xffff, 0xffff, 0xffff, 0xffff, 0xffff, 0xffff, 0xffff
};

// Array of all bitmaps for convenience. (Total bytes used to store images = 2320)
const int logo_allArray_LEN = 1;
const uint16_t* logo_allArray[1] = {
	logo_ffn
};

// Radio WAF
// 'radiowaf', 48x48px
const uint16_t logo_radiowaf [] = {
	0x2125, 0x2104, 0x1082, 0x0020, 0x0000, 0x0000, 0x0000, 0x0000, 0x0000, 0x0000, 0x0000, 0x0000, 0x0000, 0x0000, 0x0000, 0x0000, 
	0x0000, 0x0000, 0x0861, 0x2965, 0x5acb, 0x7bef, 0x94b2, 0xa534, 0xad75, 0xad55, 0x9cd3, 0x7bef, 0x5acb, 0x3186, 0x0861, 0x0000, 
	0x0000, 0x0000, 0x0000, 0x0000, 0x0000, 0x0000, 0x0000, 0x0000, 0x0000, 0x0000, 0x0000, 0x0000, 0x0020, 0x0841, 0x18c3, 0x2125, 
	0x2104, 0x0841, 0x0000, 0x0000, 0x0000, 0x0000, 0x0000, 0x0000, 0x0000, 0x0000, 0x0000, 0x0000, 0x0000, 0x0000, 0x0000, 0x0020, 
	0x2104, 0x632c, 0xa514, 0xce79, 0xdefb, 0xe71c, 0xe73c, 0xe73c, 0xe73c, 0xe73c, 0xe73c, 0xe71c, 0xdefb, 0xce79, 0xad55, 0x632c, 
	0x2124, 0x0000, 0x0000, 0x0000, 0x0000, 0x0000, 0x0000, 0x0000, 0x0000, 0x0000, 0x0000, 0x0000, 0x0000, 0x0000, 0x0000, 0x10a3, 
	0x0862, 0x0000, 0x0000, 0x0000, 0x0000, 0x0000, 0x0000, 0x0000, 0x0000, 0x0000, 0x0000, 0x0000, 0x0000, 0x0000, 0x31a6, 0x9492, 
	0xd69a, 0xe71c, 0xe73c, 0xe73c, 0xe73c, 0xe71c, 0xdefb, 0xdedb, 0xdedb, 0xdedb, 0xdefb, 0xe71c, 0xe73c, 0xe73c, 0xe73c, 0xe71c, 
	0xd69a, 0x94b2, 0x3186, 0x0000, 0x0000, 0x0000, 0x0000, 0x0000, 0x0000, 0x0000, 0x0000, 0x0000, 0x0000, 0x0000, 0x0000, 0x0000, 
	0x0020, 0x0000, 0x0000, 0x0000, 0x0000, 0x0000, 0x0000, 0x0000, 0x0000, 0x0000, 0x0000, 0x0000, 0x0841, 0x630c, 0xce79, 0xe71c, 
	0xe73c, 0xe73c, 0xe71c, 0xd69a, 0xd69a, 0xd6ba, 0xdedb, 0xdedb, 0xdefb, 0xdefb, 0xdedb, 0xd6ba, 0xd69a, 0xd69a, 0xe71c, 0xe73c, 
	0xe73c, 0xe73c, 0xce59, 0x632c, 0x0841, 0x0000, 0x0000, 0x0000, 0x0000, 0x0000, 0x0000, 0x0000, 0x0000, 0x0000, 0x0000, 0x0000, 
	0x0000, 0x0000, 0x0000, 0x0000, 0x0000, 0x0000, 0x0000, 0x0000, 0x0000, 0x0000, 0x0000, 0x2945, 0xad75, 0xe71c, 0xe73c, 0xe71c, 
	0xd6ba, 0xd69a, 0xdefb, 0xf79e, 0xf7be, 0xf7be, 0xf7be, 0xf7be, 0xf7be, 0xf7be, 0xf7be, 0xf7be, 0xf7be, 0xf79e, 0xdefb, 0xd69a, 
	0xdedb, 0xe73c, 0xe73c, 0xe71c, 0xad75, 0x2965, 0x0000, 0x0000, 0x0000, 0x0000, 0x0000, 0x0000, 0x0000, 0x0000, 0x0000, 0x0000, 
	0x0000, 0x0000, 0x0000, 0x0000, 0x0000, 0x0000, 0x0000, 0x0000, 0x0000, 0x0000, 0x31a6, 0xbdd7, 0xe71c, 0xe73c, 0xdefb, 0xd69a, 
	0xe71c, 0xf7be, 0xf7be, 0xf7be, 0xf7be, 0xf7be, 0xf7be, 0xf7be, 0xf7be, 0xf7be, 0xf7be, 0xf7be, 0xf7be, 0xf7be, 0xf7be, 0xf79e, 
	0xe71c, 0xd69a, 0xdefb, 0xe73c, 0xe71c, 0xbdd7, 0x2965, 0x0000, 0x0000, 0x0000, 0x0000, 0x0000, 0x0000, 0x0000, 0x0000, 0x0000, 
	0x0000, 0x0000, 0x0000, 0x0000, 0x0000, 0x0000, 0x0000, 0x0000, 0x0000, 0x39c7, 0xce59, 0xe73c, 0xe73c, 0xd6ba, 0xdedb, 0xf79e, 
	0xf7be, 0xf7be, 0xf7be, 0xf7be, 0xf7be, 0xf7be, 0xf7be, 0xf7be, 0xf7be, 0xf7be, 0xf7be, 0xf7be, 0xf7be, 0xf7be, 0xf7be, 0xf7be, 
	0xf7be, 0xf79e, 0xdedb, 0xd6ba, 0xe73c, 0xe73c, 0xce59, 0x39e7, 0x0000, 0x0000, 0x0000, 0x0000, 0x0000, 0x0000, 0x0000, 0x0000, 
	0x0000, 0x0000, 0x0000, 0x0000, 0x0000, 0x0000, 0x0000, 0x0000, 0x2124, 0xbdf7, 0xe73c, 0xe73c, 0xd69a, 0xdefb, 0xf7be, 0xf7be, 
	0xf7be, 0xf7be, 0xf7be, 0xf7be, 0xf7be, 0xf7be, 0xf7be, 0xf7be, 0xf7be, 0xf7be, 0xf7be, 0xf7be, 0xf7be, 0xf7be, 0xf7be, 0xf7be, 
	0xf7be, 0xf7be, 0xf7be, 0xdefb, 0xd6ba, 0xe73c, 0xe73c, 0xb5b6, 0x18e3, 0x0000, 0x0000, 0x0000, 0x0000, 0x0000, 0x0000, 0x0000, 
	0x0000, 0x0000, 0x0000, 0x0000, 0x0000, 0x0000, 0x0000, 0x0861, 0xa534, 0xe73c, 0xe73c, 0xd69a, 0xe73c, 0xf7be, 0xf7be, 0xf7be, 
	0xf7be, 0xf7be, 0xf7be, 0xf7be, 0xf7be, 0xf7be, 0xf7be, 0xf7be, 0xf7be, 0xf7be, 0xf7be, 0xf7be, 0xf7be, 0xf7be, 0xf7be, 0xf7be, 
	0xf7be, 0xf7be, 0xf7be, 0xf7be, 0xe73c, 0xd69a, 0xe73c, 0xe71c, 0xb596, 0x0861, 0x0000, 0x0000, 0x0000, 0x0000, 0x0000, 0x0000, 
	0x0000, 0x0000, 0x0000, 0x0000, 0x0000, 0x0000, 0x0000, 0x6b4d, 0xdefb, 0xe73c, 0xd6ba, 0xdefb, 0xf7be, 0xf7be, 0xf7be, 0xf7be, 
	0xf7be, 0xf7be, 0xf7be, 0xf7be, 0xf7be, 0xf7be, 0xf7be, 0xf7be, 0xf7be, 0xf7be, 0xf7be, 0xf7be, 0xf7be, 0xf7be, 0xf7be, 0xf7be, 
	0xf7be, 0xf7be, 0xf7be, 0xf7be, 0xf7be, 0xdefb, 0xdedb, 0xe73c, 0xe71c, 0x630c, 0x0020, 0x0000, 0x0000, 0x0000, 0x0000, 0x0000, 
	0x0000, 0x0000, 0x0000, 0x0000, 0x0000, 0x0000, 0x2124, 0xd6ba, 0xe73c, 0xdefb, 0xdedb, 0xf7be, 0xf7be, 0xf7be, 0xf7be, 0xf7be, 
	0xf7be, 0xf7be, 0xf7be, 0xf7be, 0xf7be, 0xf7be, 0xf7be, 0xf7be, 0xf7be, 0xf7be, 0xf7be, 0xf7be, 0xf7be, 0xb5b6, 0xb596, 0xf7be, 
	0xf7be, 0xf7be, 0xf7be, 0xf7be, 0xf7be, 0xf7be, 0xd69a, 0xdefb, 0xe73c, 0xce79, 0x31a6, 0x0000, 0x0000, 0x0000, 0x0000, 0x0000, 
	0x0000, 0x0000, 0x0000, 0x0000, 0x0000, 0x0020, 0x7bcf, 0xe73c, 0xe73c, 0xce79, 0xf79e, 0xf7be, 0xf7be, 0xf7be, 0xf7be, 0xf7be, 
	0xf7be, 0xf7be, 0xf7be, 0xf7be, 0xf7be, 0xf7be, 0xf7be, 0xf7be, 0xf7be, 0xf7be, 0xf7be, 0xf7be, 0xe73c, 0x2965, 0x18e3, 0xe73c, 
	0xf7be, 0xf7be, 0xf7be, 0xf7be, 0xf7be, 0xf7be, 0xf79e, 0xd69a, 0xe73c, 0xe71c, 0x8c51, 0x0000, 0x0000, 0x0000, 0x0000, 0x0000, 
	0x0000, 0x0000, 0x0000, 0x0000, 0x0000, 0x2965, 0xce79, 0xe73c, 0xdedb, 0xe71c, 0xf7be, 0xf7be, 0xf7be, 0xf7be, 0xf7be, 0xf7be, 
	0xf7be, 0xf7be, 0xf7be, 0xf7be, 0xf7be, 0xf7be, 0xf7be, 0xf7be, 0xf7be, 0xf7be, 0xf555, 0xf26b, 0xf659, 0x7b6d, 0x72eb, 0xf79e, 
	0xf7be, 0xf7be, 0xf7be, 0xf7be, 0xf7be, 0xf7be, 0xf7be, 0xdefb, 0xdefb, 0xe73c, 0xd69a, 0x2104, 0x0000, 0x0000, 0x0000, 0x0000, 
	0x0000, 0x0000, 0x0000, 0x0000, 0x0000, 0x6b4d, 0xe71c, 0xe73c, 0xd69a, 0xf7be, 0xf7be, 0xf7be, 0xf7be, 0xf7be, 0xf7be, 0xf7be, 
	0xf7be, 0xf7be, 0xf7be, 0xf7be, 0xf7be, 0xf7be, 0xf7be, 0xf7be, 0xf7be, 0xf7be, 0xf3f1, 0xe800, 0xfdd7, 0xf575, 0xf514, 0xf7be, 
	0xf7be, 0xf7be, 0xf7be, 0xf7be, 0xf7be, 0xf7be, 0xf7be, 0xf79e, 0xce79, 0xe73c, 0xe71c, 0x5aeb, 0x0000, 0x0000, 0x0000, 0x0000, 
	0x0000, 0x0000, 0x0000, 0x0000, 0x0820, 0xad75, 0xe73c, 0xe71c, 0xdedb, 0xf7be, 0xfeba, 0xfcd4, 0xfd55, 0xf7be, 0xff3c, 0xfd55, 
	0xfc92, 0xfcb3, 0xfe39, 0xf7be, 0xf7be, 0xf7be, 0xfefc, 0xfd35, 0xfc92, 0xfc92, 0xf20a, 0xe800, 0xfdd7, 0xf36e, 0xf2ed, 0xf7be, 
	0xf7be, 0xfe79, 0xfcb3, 0xfc92, 0xfd35, 0xf71c, 0xf7be, 0xf7be, 0xd6ba, 0xe71c, 0xe73c, 0xb596, 0x0020, 0x0000, 0x0000, 0x0000, 
	0x0000, 0x0000, 0x0000, 0x0000, 0x18c3, 0xce79, 0xe73c, 0xdedb, 0xef5d, 0xfe38, 0xe804, 0xe800, 0xf147, 0xff1c, 0xf1a8, 0xe800, 
	0xe800, 0xe800, 0xe801, 0xfd14, 0xf7be, 0xfedb, 0xf147, 0xe800, 0xe800, 0xe800, 0xf000, 0xe800, 0xfdd7, 0xf2cc, 0xf24b, 0xf7be, 
	0xfd35, 0xe801, 0xe800, 0xe800, 0xe800, 0xf168, 0xff3c, 0xf7be, 0xef5d, 0xdedb, 0xe73c, 0xd69a, 0x2104, 0x0000, 0x0000, 0x0000, 
	0x0000, 0x0000, 0x0000, 0x0000, 0x39c7, 0xdefb, 0xe73c, 0xce79, 0xf71c, 0xe804, 0xe801, 0xfc72, 0xfdf7, 0xf34e, 0xe800, 0xf30d, 
	0xfd35, 0xfcb3, 0xf005, 0xe800, 0xfe9a, 0xf1a8, 0xe800, 0xf32e, 0xf555, 0xfd55, 0xf2ac, 0xe800, 0xfd96, 0xf147, 0xf086, 0xfefb, 
	0xe802, 0xe802, 0xfcb3, 0xfd35, 0xf34e, 0xe800, 0xf2ac, 0xf7be, 0xf7be, 0xd69a, 0xe73c, 0xe71c, 0x4228, 0x0000, 0x0000, 0x0000, 
	0x0000, 0x0000, 0x0000, 0x0000, 0x528a, 0xe71c, 0xe73c, 0xce79, 0xfe59, 0xe800, 0xf2ac, 0xf7be, 0xffbe, 0xf127, 0xe802, 0xfefc, 
	0xf7be, 0xf7be, 0xfc31, 0xe800, 0xfcf4, 0xe801, 0xf0a6, 0xff5d, 0xf7be, 0xf7be, 0xfc31, 0xe800, 0xfd96, 0xf025, 0xf003, 0xfdd8, 
	0xe800, 0xf34e, 0xf7be, 0xf7be, 0xff9e, 0xf005, 0xe805, 0xf77d, 0xf7be, 0xd69a, 0xe73c, 0xe73c, 0x630c, 0x0000, 0x0000, 0x0000, 
	0x0000, 0x0000, 0x0000, 0x0000, 0x6b4d, 0xe71c, 0xe73c, 0xd69a, 0xfe39, 0xe800, 0xf32e, 0xf7be, 0xf7be, 0xf0c7, 0xe803, 0xf73c, 
	0xf7be, 0xf7be, 0xfcb3, 0xf000, 0xfcb3, 0xe800, 0xf147, 0xff9e, 0xf7be, 0xf7be, 0xf411, 0xe800, 0xfd96, 0xf026, 0xf003, 0xfdb7, 
	0xe800, 0xf3d0, 0xf7be, 0xf7be, 0xffbe, 0xf066, 0xe804, 0xf77d, 0xf7be, 0xd6ba, 0xe71c, 0xe73c, 0x7bcf, 0x0000, 0x0000, 0x0000, 
	0x0000, 0x0000, 0x0000, 0x0000, 0x7bcf, 0xe73c, 0xe73c, 0xd6ba, 0xfe39, 0xe800, 0xf32e, 0xf7be, 0xf7be, 0xf24b, 0xe800, 0xfd35, 
	0xff5d, 0xff5d, 0xfc72, 0xf000, 0xfcd4, 0xe805, 0xf002, 0xfd96, 0xff5d, 0xfebb, 0xf147, 0xe800, 0xfe9a, 0xf026, 0xf003, 0xfe7a, 
	0xe800, 0xf127, 0xfefb, 0xff5d, 0xfdb7, 0xe800, 0xf188, 0xff9e, 0xf7be, 0xd6ba, 0xe71c, 0xe73c, 0x8430, 0x0000, 0x0000, 0x0000, 
	0x0000, 0x0000, 0x0000, 0x0000, 0x7bef, 0xe73c, 0xe73c, 0xd6ba, 0xfe39, 0xe800, 0xf32e, 0xf7be, 0xf7be, 0xfe39, 0xe800, 0xe800, 
	0xe800, 0xe800, 0xe800, 0xf000, 0xfcf4, 0xfd96, 0xe801, 0xe800, 0xe800, 0xe800, 0xe800, 0xf3af, 0xff9e, 0xf026, 0xf003, 0xff9e, 
	0xf34e, 0xe800, 0xe800, 0xe800, 0xe800, 0xe801, 0xfe39, 0xf7be, 0xf7be, 0xd6ba, 0xe71c, 0xe73c, 0x8c51, 0x0000, 0x0000, 0x0000, 
	0x0000, 0x0000, 0x0000, 0x0000, 0x6b6d, 0xe71c, 0xe73c, 0xd69a, 0xf6ba, 0xf24a, 0xfcb3, 0xf7be, 0xf7be, 0xf7be, 0xfdd7, 0xf2ed, 
	0xf20a, 0xf20a, 0xf20a, 0xf20a, 0xf5d7, 0xf7be, 0xfd96, 0xf2ed, 0xf20a, 0xf26b, 0xfc72, 0xf77d, 0xff9e, 0xf32e, 0xf2ec, 0xf7be, 
	0xff5d, 0xfc72, 0xf24b, 0xf22a, 0xf2cc, 0xfdb7, 0xf7be, 0xf7be, 0xf7be, 0xd6ba, 0xe71c, 0xe73c, 0x7bef, 0x0000, 0x0000, 0x0000, 
	0x0000, 0x0000, 0x0000, 0x0000, 0x52aa, 0xe71c, 0xe73c, 0xce79, 0xf7be, 0xf7be, 0xf7be, 0xf7be, 0xf7be, 0xf7be, 0xf7be, 0xf7be, 
	0xf7be, 0xf7be, 0xf7be, 0xf7be, 0xf7be, 0xf7be, 0xf7be, 0xf7be, 0xd69a, 0xc638, 0xf7be, 0xbdd7, 0xd69a, 0xe73c, 0xb5b6, 0xf7be, 
	0xbdf7, 0xb595, 0xef7d, 0xe73c, 0xb595, 0xad75, 0xbdd7, 0xf7be, 0xf7be, 0xd69a, 0xe73c, 0xe73c, 0x6b4d, 0x0000, 0x0000, 0x0000, 
	0x0000, 0x0000, 0x0000, 0x0000, 0x39e7, 0xdefb, 0xe73c, 0xce79, 0xf79e, 0xf7be, 0xf7be, 0xf7be, 0xf7be, 0xf7be, 0xf7be, 0xf7be, 
	0xf7be, 0xf7be, 0xf7be, 0xf7be, 0xf7be, 0xf7be, 0xf7be, 0xf7be, 0x94b2, 0x4228, 0xef7d, 0x2124, 0x6b6d, 0xad75, 0x3186, 0xef5d, 
	0x39c6, 0x2103, 0xbdf7, 0xc618, 0x18c3, 0x52aa, 0x6b6d, 0xf79e, 0xf7be, 0xd69a, 0xe73c, 0xe71c, 0x4a69, 0x0000, 0x0000, 0x0000, 
	0x0000, 0x0000, 0x0000, 0x0000, 0x18e3, 0xd69a, 0xe73c, 0xdedb, 0xef5d, 0xf7be, 0xf7be, 0xf7be, 0xf7be, 0xf7be, 0xf7be, 0xf7be, 
	0xf7be, 0xf7be, 0xf7be, 0xf7be, 0xf7be, 0xf7be, 0xf7be, 0xf7be, 0xc638, 0x39e7, 0xb596, 0x39c6, 0x39e7, 0x7bef, 0x630c, 0xbdd7, 
	0x4208, 0x73ae, 0x7bcf, 0xc618, 0x18e3, 0x7bef, 0x9cf3, 0xf7be, 0xef5d, 0xdedb, 0xe73c, 0xdedb, 0x2945, 0x0000, 0x0000, 0x0000, 
	0x0000, 0x0000, 0x0000, 0x0000, 0x0841, 0xb5b6, 0xe73c, 0xe71c, 0xdedb, 0xf7be, 0xf7be, 0xf7be, 0xf7be, 0xf7be, 0xf7be, 0xf7be, 
	0xf7be, 0xf7be, 0xf7be, 0xf7be, 0xf7be, 0xf7be, 0xf7be, 0xf7be, 0xef5d, 0x4228, 0x632c, 0x840f, 0x3185, 0x4a49, 0x8c51, 0x738e, 
	0x39e7, 0x630c, 0x4208, 0xc618, 0x18e3, 0x8410, 0xa514, 0xf7be, 0xd6ba, 0xe71c, 0xe73c, 0xbdf7, 0x0861, 0x0000, 0x0000, 0x0000, 
	0x0000, 0x0000, 0x0000, 0x0000, 0x0000, 0x7bcf, 0xe71c, 0xe73c, 0xd69a, 0xf7be, 0xf7be, 0xf7be, 0xf7be, 0xf7be, 0xf7be, 0xf7be, 
	0xf7be, 0xf7be, 0xf7be, 0xf7be, 0xf7be, 0xf7be, 0xf7be, 0xf7be, 0xf7be, 0x73ae, 0x31a6, 0xc618, 0x632c, 0x39c7, 0xbdf7, 0x4228, 
	0x9492, 0xb5d6, 0x4207, 0xa534, 0x31a6, 0xf79e, 0xf7be, 0xf79e, 0xce79, 0xe73c, 0xe71c, 0x73ae, 0x0000, 0x0000, 0x0000, 0x0000, 
	0x0000, 0x0000, 0x0000, 0x0000, 0x0000, 0x39c7, 0xd6ba, 0xe73c, 0xdedb, 0xe71c, 0xf7be, 0xf7be, 0xf7be, 0xf7be, 0xf7be, 0xf7be, 
	0xf7be, 0xf7be, 0xf7be, 0xf7be, 0xf7be, 0xf7be, 0xf7be, 0xf7be, 0xf7be, 0xef5d, 0xdefb, 0xf79e, 0xe73c, 0xdefb, 0xf79e, 0xdefb, 
	0xf79e, 0xf7be, 0xe71c, 0xe73c, 0xdefb, 0xf7be, 0xf7be, 0xdefb, 0xdefb, 0xe73c, 0xdedb, 0x31a6, 0x0000, 0x0000, 0x0000, 0x0000, 
	0x0000, 0x0000, 0x0000, 0x0000, 0x0000, 0x0841, 0x8c71, 0xe73c, 0xe73c, 0xce79, 0xf79e, 0xf7be, 0xf7be, 0xf7be, 0xf7be, 0xf7be, 
	0xf7be, 0xf7be, 0xf7be, 0xf7be, 0xf7be, 0xf7be, 0xf7be, 0xf7be, 0xf7be, 0xf7be, 0xf7be, 0xf7be, 0xf7be, 0xf7be, 0xf7be, 0xf7be, 
	0xf7be, 0xf7be, 0xf7be, 0xf7be, 0xf7be, 0xf7be, 0xf79e, 0xd69a, 0xe73c, 0xe73c, 0xad55, 0x0841, 0x0000, 0x0000, 0x0000, 0x0000, 
	0x0000, 0x0000, 0x0000, 0x0000, 0x0000, 0x0000, 0x39c7, 0xdedb, 0xe73c, 0xe71c, 0xdedb, 0xf7be, 0xf7be, 0xf7be, 0xf7be, 0xf7be, 
	0xf7be, 0xf7be, 0xf7be, 0xf7be, 0xf7be, 0xf7be, 0xf7be, 0xf7be, 0xf7be, 0xf7be, 0xf7be, 0xf7be, 0xf7be, 0xf7be, 0xf7be, 0xf7be, 
	0xf7be, 0xf7be, 0xf7be, 0xf7be, 0xf7be, 0xf7be, 0xd69a, 0xdefb, 0xe73c, 0xdefb, 0x5aeb, 0x0000, 0x0000, 0x0000, 0x0000, 0x0000, 
	0x0000, 0x0000, 0x0000, 0x0000, 0x0000, 0x0000, 0x0000, 0x8430, 0xe71c, 0xe73c, 0xdedb, 0xdefb, 0xf7be, 0xf7be, 0xf7be, 0xf7be, 
	0xf7be, 0xf7be, 0xf7be, 0xf7be, 0xf7be, 0xf7be, 0xf7be, 0xf7be, 0xf7be, 0xf7be, 0xf7be, 0xf7be, 0xf7be, 0xf7be, 0xf7be, 0xf7be, 
	0xf7be, 0xf7be, 0xf7be, 0xf7be, 0xf7be, 0xdefb, 0xdedb, 0xe73c, 0xe73c, 0x9cf3, 0x1082, 0x0000, 0x0000, 0x0000, 0x0000, 0x0000, 
	0x0000, 0x0000, 0x0000, 0x0000, 0x0000, 0x0000, 0x0000, 0x18c3, 0xbdd7, 0xe73c, 0xe73c, 0xd69a, 0xe73c, 0xf7be, 0xf7be, 0xf7be, 
	0xf7be, 0xf7be, 0xf7be, 0xf7be, 0xf7be, 0xf7be, 0xf7be, 0xf7be, 0xf7be, 0xf7be, 0xf7be, 0xf7be, 0xf7be, 0xf7be, 0xf7be, 0xf7be, 
	0xf7be, 0xf7be, 0xf7be, 0xf7be, 0xe73c, 0xd69a, 0xe73c, 0xe73c, 0xdefb, 0x39e7, 0x0000, 0x0000, 0x0000, 0x0000, 0x0000, 0x0000, 
	0x0000, 0x0000, 0x0000, 0x0000, 0x0000, 0x0000, 0x0000, 0x0000, 0x39c7, 0xce79, 0xe73c, 0xe73c, 0xd6ba, 0xdefb, 0xf7be, 0xf7be, 
	0xf7be, 0xf7be, 0xf7be, 0xf7be, 0xf7be, 0xf7be, 0xf7be, 0xf7be, 0xf7be, 0xf7be, 0xf7be, 0xf7be, 0xf7be, 0xf7be, 0xf7be, 0xf7be, 
	0xf7be, 0xf7be, 0xf7be, 0xdefb, 0xd6ba, 0xe73c, 0xe73c, 0xe71c, 0x7bef, 0x0000, 0x0000, 0x0000, 0x0000, 0x0000, 0x0000, 0x0000, 
	0x0000, 0x0000, 0x0000, 0x0000, 0x0000, 0x0000, 0x0000, 0x0000, 0x0020, 0x52aa, 0xd6ba, 0xe73c, 0xe73c, 0xd6ba, 0xdedb, 0xf79e, 
	0xf7be, 0xf7be, 0xf7be, 0xf7be, 0xf7be, 0xf7be, 0xf7be, 0xf7be, 0xf7be, 0xf7be, 0xf7be, 0xf7be, 0xf7be, 0xf7be, 0xf7be, 0xf7be, 
	0xf7be, 0xf79e, 0xdedb, 0xd6ba, 0xe73c, 0xe73c, 0xe73c, 0xb596, 0x10a2, 0x0000, 0x0000, 0x0000, 0x0000, 0x0000, 0x0000, 0x0000, 
	0x0000, 0x0000, 0x0000, 0x0000, 0x0000, 0x0000, 0x0000, 0x0000, 0x0000, 0x0000, 0x528a, 0xce79, 0xe73c, 0xe73c, 0xdefb, 0xd69a, 
	0xdefb, 0xf79e, 0xf7be, 0xf7be, 0xf7be, 0xf7be, 0xf7be, 0xf7be, 0xf7be, 0xf7be, 0xf7be, 0xf7be, 0xf7be, 0xf7be, 0xf7be, 0xf79e, 
	0xdefb, 0xd69a, 0xe71c, 0xe73c, 0xe73c, 0xe73c, 0xc638, 0x3186, 0x0000, 0x0000, 0x0000, 0x0000, 0x0000, 0x0000, 0x0000, 0x0000, 
	0x0000, 0x0000, 0x0000, 0x0000, 0x0000, 0x0000, 0x0000, 0x0000, 0x0000, 0x0000, 0x0000, 0x4a69, 0xce59, 0xe73c, 0xe73c, 0xe73c, 
	0xd6ba, 0xd69a, 0xdefb, 0xf79e, 0xf7be, 0xf7be, 0xf7be, 0xf7be, 0xf7be, 0xf7be, 0xf7be, 0xf7be, 0xf7be, 0xef7d, 0xdefb, 0xd69a, 
	0xdedb, 0xe73c, 0xe73c, 0xe73c, 0xe73c, 0xdedb, 0x5289, 0x0000, 0x0000, 0x0000, 0x0000, 0x0000, 0x0000, 0x0000, 0x0000, 0x0000, 
	0x0000, 0x0000, 0x0000, 0x0000, 0x0000, 0x0000, 0x0000, 0x0000, 0x0000, 0x0000, 0x0000, 0x0000, 0x18e3, 0x9492, 0xdefb, 0xe73c, 
	0xe73c, 0xe73c, 0xe71c, 0xd69a, 0xd69a, 0xd6ba, 0xdedb, 0xdedb, 0xdefb, 0xdedb, 0xd6ba, 0xd6ba, 0xd69a, 0xd6ba, 0xe71c, 0xe73c, 
	0xe73c, 0xe73c, 0xe73c, 0xe73c, 0xdedb, 0x5aeb, 0x0000, 0x0000, 0x0000, 0x0000, 0x0000, 0x0000, 0x0000, 0x0000, 0x0000, 0x0000, 
	0x0000, 0x0000, 0x0000, 0x0000, 0x0000, 0x0000, 0x0000, 0x0000, 0x0000, 0x0000, 0x0000, 0x0000, 0x0000, 0x0861, 0x5aeb, 0xb5b6, 
	0xdefb, 0xe73c, 0xe73c, 0xe73c, 0xe73c, 0xe71c, 0xdefb, 0xdefb, 0xdefb, 0xdefb, 0xdefb, 0xe71c, 0xe73c, 0xe73c, 0xe73c, 0xe73c, 
	0xe73c, 0xe73c, 0xe73c, 0xdedb, 0x738e, 0x0820, 0x0000, 0x0000, 0x0000, 0x0000, 0x0000, 0x0000, 0x0000, 0x0000, 0x0000, 0x0000, 
	0x0000, 0x0000, 0x0000, 0x0000, 0x0000, 0x0000, 0x0000, 0x0000, 0x0000, 0x0000, 0x0000, 0x0000, 0x0000, 0x0000, 0x0000, 0x0861, 
	0x4228, 0x94b2, 0xce59, 0xe71c, 0xe73c, 0xe73c, 0xe73c, 0xe73c, 0xe73c, 0xe73c, 0xe73c, 0xe73c, 0xe73c, 0xe73c, 0xe73c, 0xe73c, 
	0xe73c, 0xe73c, 0xd69a, 0x5aeb, 0x0020, 0x0000, 0x0000, 0x0000, 0x0000, 0x0000, 0x0000, 0x0000, 0x0000, 0x0000, 0x0000, 0x0000, 
	0x0000, 0x0000, 0x0000, 0x0000, 0x0000, 0x0000, 0x0000, 0x0000, 0x0000, 0x0000, 0x0000, 0x0000, 0x0000, 0x0000, 0x0000, 0x0000, 
	0x0000, 0x0020, 0x3186, 0xad75, 0xe71c, 0xe73c, 0xe73c, 0xe73c, 0xe73c, 0xe73c, 0xe73c, 0xe73c, 0xe73c, 0xe73c, 0xe73c, 0xe73c, 
	0xe73c, 0xd6ba, 0x5acb, 0x0000, 0x0000, 0x0000, 0x0000, 0x0000, 0x0000, 0x0000, 0x0000, 0x0000, 0x0000, 0x0000, 0x0000, 0x0000, 
	0x0000, 0x0000, 0x0000, 0x0000, 0x0000, 0x0000, 0x0000, 0x0000, 0x0000, 0x0000, 0x0000, 0x0000, 0x0000, 0x0000, 0x0000, 0x0000, 
	0x0000, 0x0000, 0x0000, 0x10a2, 0xbdd7, 0xe73c, 0xe73c, 0xe73c, 0xe73c, 0xe73c, 0xe73c, 0xe73c, 0xe73c, 0xe73c, 0xe73c, 0xe73c, 
	0xbdd7, 0x39c7, 0x0000, 0x0000, 0x0000, 0x0000, 0x0000, 0x0000, 0x0000, 0x0000, 0x0000, 0x0000, 0x0000, 0x0000, 0x0000, 0x0000, 
	0x0000, 0x0000, 0x0000, 0x0000, 0x0000, 0x0000, 0x0000, 0x0000, 0x0000, 0x0000, 0x0000, 0x0000, 0x0000, 0x0000, 0x0000, 0x0000, 
	0x0000, 0x0000, 0x0000, 0x0000, 0x7bcf, 0xe73c, 0xe73c, 0xe73c, 0xe73c, 0xe73c, 0xe73c, 0xe73c, 0xe73c, 0xe73c, 0xe71c, 0xad55, 
	0x2965, 0x0000, 0x0000, 0x0000, 0x0000, 0x0000, 0x0000, 0x0000, 0x0000, 0x0000, 0x0000, 0x0000, 0x0000, 0x0000, 0x0000, 0x0000, 
	0x0000, 0x0000, 0x0000, 0x0000, 0x0000, 0x0000, 0x0000, 0x0000, 0x0000, 0x0000, 0x0000, 0x0000, 0x0000, 0x0000, 0x0000, 0x0000, 
	0x0000, 0x0000, 0x0000, 0x0000, 0x5aeb, 0xe73c, 0xe73c, 0xe73c, 0xe73c, 0xe73c, 0xe73c, 0xe73c, 0xe73c, 0xce79, 0x738e, 0x0861, 
	0x0000, 0x0000, 0x0000, 0x0000, 0x0000, 0x0000, 0x0000, 0x0000, 0x0000, 0x0000, 0x0000, 0x0000, 0x0000, 0x0000, 0x0000, 0x0000, 
	0x0000, 0x0000, 0x0000, 0x0000, 0x0000, 0x0000, 0x0000, 0x0000, 0x0000, 0x0000, 0x0000, 0x0000, 0x0000, 0x0000, 0x0000, 0x0000, 
	0x0000, 0x0000, 0x0000, 0x0000, 0x5aeb, 0xe73c, 0xe73c, 0xe73c, 0xe73c, 0xe73c, 0xe73c, 0xe71c, 0xbdf7, 0x4228, 0x0020, 0x0000, 
	0x0000, 0x0000, 0x0000, 0x0000, 0x0000, 0x0000, 0x0000, 0x0000, 0x0000, 0x0000, 0x0000, 0x0000, 0x0000, 0x0000, 0x0000, 0x0000, 
	0x0020, 0x0000, 0x0000, 0x0000, 0x0000, 0x0000, 0x0000, 0x0000, 0x0000, 0x0000, 0x0000, 0x0000, 0x0000, 0x0000, 0x0000, 0x0000, 
	0x0000, 0x0000, 0x0000, 0x0000, 0x5aeb, 0xe73c, 0xe73c, 0xe73c, 0xe73c, 0xe73c, 0xd69a, 0x6b6d, 0x0861, 0x0000, 0x0000, 0x0000, 
	0x0000, 0x0000, 0x0000, 0x0000, 0x0000, 0x0000, 0x0000, 0x0000, 0x0000, 0x0000, 0x0000, 0x0000, 0x0000, 0x0000, 0x0000, 0x0000, 
	0x0841, 0x0000, 0x0000, 0x0000, 0x0000, 0x0000, 0x0000, 0x0000, 0x0000, 0x0000, 0x0000, 0x0000, 0x0000, 0x0000, 0x0000, 0x0000, 
	0x0000, 0x0000, 0x0000, 0x0000, 0x5aeb, 0xe73c, 0xe73c, 0xe73c, 0xdedb, 0xa534, 0x39e7, 0x0020, 0x0000, 0x0000, 0x0000, 0x0000, 
	0x0000, 0x0000, 0x0000, 0x0000, 0x0000, 0x0000, 0x0000, 0x0000, 0x0000, 0x0000, 0x0000, 0x0000, 0x0000, 0x0000, 0x0000, 0x0000, 
	0x18c3, 0x0000, 0x0000, 0x0000, 0x0000, 0x0000, 0x0000, 0x0000, 0x0000, 0x0000, 0x0000, 0x0000, 0x0000, 0x0000, 0x0000, 0x0000, 
	0x0000, 0x0000, 0x0000, 0x0000, 0x5aeb, 0xe73c, 0xdedb, 0xad55, 0x4208, 0x0841, 0x0000, 0x0000, 0x0000, 0x0000, 0x0000, 0x0000, 
	0x0000, 0x0000, 0x0000, 0x0000, 0x0000, 0x0000, 0x0000, 0x0000, 0x0000, 0x0000, 0x0000, 0x0000, 0x0000, 0x0000, 0x0000, 0x0861, 
	0x2125, 0x10a3, 0x0000, 0x0000, 0x0000, 0x0000, 0x0000, 0x0000, 0x0000, 0x0000, 0x0000, 0x0000, 0x0000, 0x0000, 0x0000, 0x0000, 
	0x0000, 0x0000, 0x0000, 0x0000, 0x5acb, 0xb5b6, 0x5acb, 0x1082, 0x0000, 0x0000, 0x0000, 0x0000, 0x0000, 0x0000, 0x0000, 0x0000, 
	0x0000, 0x0000, 0x0000, 0x0000, 0x0000, 0x0000, 0x0000, 0x0000, 0x0000, 0x0000, 0x0000, 0x0000, 0x0000, 0x0000, 0x0861, 0x1904
};

// Array of all bitmaps for convenience. (Total bytes used to store images = 2320)
const int logo_allArray_LEN = 1;
const uint16_t* logo_allArray[1] = {
	logo_radiowaf
};

// WDR 2
// 'wdr2', 48x48px
const uint16_t logo_wdr2 [] = {
	0x10c3, 0x7bcf, 0xc618, 0xd69a, 0xd69a, 0xd69a, 0xd69a, 0xd69a, 0xd69a, 0xd69a, 0xd69a, 0xd69a, 0xd69a, 0xd69a, 0xd69a, 0xd69a, 
	0xd69a, 0xd69a, 0xd69a, 0xd69a, 0xd69a, 0xd69a, 0xd69a, 0xd69a, 0xd69a, 0xd69a, 0xd69a, 0xd69a, 0xd69a, 0xd69a, 0xd69a, 0xd69a, 
	0xd69a, 0xd69a, 0xd69a, 0xd69a, 0xd69a, 0xd69a, 0xd69a, 0xd69a, 0xd69a, 0xd69a, 0xd69a, 0xd69a, 0xd69a, 0xce59, 0x94b2, 0x2104, 
	0x52aa, 0xf7df, 0xffff, 0xffff, 0xffff, 0xffff, 0xffff, 0xffff, 0xffff, 0xffff, 0xffff, 0xffff, 0xffff, 0xffff, 0xffff, 0xffff, 
	0xffff, 0xffff, 0xffff, 0xffff, 0xffff, 0xffff, 0xffff, 0xffff, 0xffff, 0xffff, 0xffff, 0xffff, 0xffff, 0xffff, 0xffff, 0xffff, 
	0xffff, 0xffff, 0xffff, 0xffff, 0xffff, 0xffff, 0xffff, 0xffff, 0xffff, 0xffff, 0xffff, 0xffff, 0xffff, 0xffff, 0xffff, 0x7bef, 
	0x9cd3, 0xffff, 0xffff, 0xffff, 0xffff, 0xffff, 0xffff, 0xffff, 0xffff, 0xffff, 0xffff, 0xffff, 0xffff, 0xffff, 0xffff, 0xffff, 
	0xffff, 0xffff, 0xffff, 0xffff, 0xffff, 0xffff, 0xffff, 0xffff, 0xffff, 0xffff, 0xffff, 0xffff, 0xffff, 0xffff, 0xffff, 0xffff, 
	0xffff, 0xffff, 0xffff, 0xffff, 0xffff, 0xffff, 0xffff, 0xffff, 0xffff, 0xffff, 0xffff, 0xffff, 0xffff, 0xffff, 0xffff, 0xce59, 
	0xa514, 0xffff, 0xffff, 0xffff, 0xffff, 0xffff, 0xffff, 0xffff, 0xffff, 0xffff, 0xffff, 0xffff, 0xffff, 0xffff, 0xffff, 0xffff, 
	0xffff, 0xffff, 0xffff, 0xffff, 0xffff, 0xffff, 0xffff, 0xffff, 0xffff, 0xffff, 0xffff, 0xffff, 0xffff, 0xffff, 0xffff, 0xffff, 
	0xffff, 0xffff, 0xffff, 0xffff, 0xffff, 0xffff, 0xffff, 0xffff, 0xffff, 0xffff, 0xffff, 0xffff, 0xffff, 0xffff, 0xffff, 0xd69a, 
	0xa514, 0xffff, 0xffff, 0xffff, 0xffff, 0xffff, 0xffff, 0xffff, 0xffff, 0xffff, 0xffff, 0xffff, 0xffff, 0xffff, 0xffff, 0xffff, 
	0xffff, 0xffff, 0xffff, 0xffff, 0xffff, 0xffff, 0xffff, 0xffff, 0xffff, 0xffff, 0xffff, 0xffff, 0xffff, 0xffff, 0xffff, 0xffff, 
	0xffff, 0xffff, 0xffff, 0xffff, 0xffff, 0xffff, 0xffff, 0xffff, 0xffff, 0xffff, 0xffff, 0xffff, 0xffff, 0xffff, 0xffff, 0xd69a, 
	0xa514, 0xffff, 0xffff, 0xffff, 0xffff, 0xffff, 0xffff, 0xffff, 0xffff, 0xffff, 0xffff, 0xffff, 0xffff, 0xffff, 0xffff, 0xffff, 
	0xffff, 0xffff, 0xffff, 0xffff, 0xffff, 0xffff, 0xffff, 0xffff, 0xffff, 0xffff, 0xffff, 0xffff, 0xffff, 0xffff, 0xffff, 0xffff, 
	0xffff, 0xffff, 0xffff, 0xffff, 0xffff, 0xffff, 0xffff, 0xffff, 0xffff, 0xffff, 0xffff, 0xffff, 0xffff, 0xffff, 0xffff, 0xd69a, 
	0xa514, 0xffff, 0xffff, 0xffff, 0xffff, 0xffff, 0xffff, 0xffff, 0xffff, 0xffff, 0xffff, 0xffff, 0xffff, 0xffff, 0xffff, 0xffff, 
	0xffff, 0xffff, 0xffff, 0xffff, 0xffff, 0xffff, 0xffff, 0xffff, 0xffff, 0xffff, 0xffff, 0xffff, 0xffff, 0xffff, 0xffff, 0xffff, 
	0xffff, 0xffff, 0xffff, 0xffff, 0xffff, 0xffff, 0xffff, 0xffff, 0xffff, 0xffff, 0xffff, 0xffff, 0xffff, 0xffff, 0xffff, 0xd69a, 
	0xa514, 0xffff, 0xffff, 0xffff, 0xffff, 0xffff, 0xffff, 0xffff, 0xffff, 0xffff, 0xffff, 0xffff, 0xffff, 0xffff, 0xffff, 0xffff, 
	0xffff, 0xffff, 0xffff, 0xffff, 0xffff, 0xffff, 0xffff, 0xffff, 0xffff, 0xffff, 0xffff, 0xffff, 0xffff, 0xffff, 0xffff, 0xffff, 
	0xffff, 0xffff, 0xffff, 0xffff, 0xffff, 0xffff, 0xffff, 0xffff, 0xffff, 0xffff, 0xffff, 0xffff, 0xffff, 0xffff, 0xffff, 0xd69a, 
	0xa514, 0xffff, 0xffff, 0xffff, 0xffff, 0xffff, 0xffff, 0xffff, 0xffff, 0xffff, 0xffff, 0xffff, 0xffff, 0xffff, 0xffff, 0xffff, 
	0xffff, 0xffff, 0xffff, 0xffff, 0xffff, 0xffff, 0xffff, 0xffff, 0xffff, 0xffff, 0xffff, 0xffff, 0xffff, 0xffff, 0xffff, 0xffff, 
	0xffff, 0xffff, 0xffff, 0xffff, 0xffff, 0xffff, 0xffff, 0xffff, 0xffff, 0xffff, 0xffff, 0xffff, 0xffff, 0xffff, 0xffff, 0xd69a, 
	0xa514, 0xffff, 0xffff, 0xffff, 0xffff, 0xffff, 0xffff, 0xffff, 0xffff, 0xffff, 0xffff, 0xffff, 0xffff, 0xffff, 0xffff, 0xffff, 
	0xffff, 0xffff, 0xffff, 0xffff, 0xffff, 0xffff, 0xffff, 0xffff, 0xffff, 0xffff, 0xffff, 0xffff, 0xffff, 0xffff, 0xffff, 0xffff, 
	0xffff, 0xffff, 0xffff, 0xffff, 0xffff, 0xffff, 0xffff, 0xffff, 0xffff, 0xffff, 0xffff, 0xffff, 0xffff, 0xffff, 0xffff, 0xd69a, 
	0xa514, 0xffff, 0xffff, 0xffff, 0xffff, 0xffff, 0xffff, 0xffff, 0xffff, 0xffff, 0xffff, 0xffff, 0xffff, 0xffff, 0xffff, 0xffff, 
	0xffff, 0xffff, 0xffff, 0xffff, 0xffff, 0xffff, 0xffff, 0xffff, 0xffff, 0xffff, 0xffff, 0xffff, 0xffff, 0xffff, 0xffff, 0xffff, 
	0xffff, 0xffff, 0xffff, 0xffff, 0xffff, 0xffff, 0xffff, 0xffff, 0xffff, 0xffff, 0xffff, 0xffff, 0xffff, 0xffff, 0xffff, 0xd69a, 
	0xa514, 0xffff, 0xffff, 0xffff, 0xffff, 0xffff, 0xffff, 0xffff, 0xffff, 0xffff, 0xffff, 0xffff, 0xffff, 0xffff, 0xffff, 0xffff, 
	0xffff, 0xffff, 0xffff, 0xffff, 0xffff, 0xffff, 0xffff, 0xffff, 0xffff, 0xffff, 0xffff, 0xffff, 0xffff, 0xffff, 0xffff, 0xffff, 
	0xffff, 0xffff, 0xffff, 0xffff, 0xffff, 0xffff, 0xffff, 0xffff, 0xffff, 0xffff, 0xffff, 0xffff, 0xffff, 0xffff, 0xffff, 0xd69a, 
	0xa514, 0xffff, 0xffff, 0xffff, 0xffff, 0xffff, 0xffff, 0xffff, 0xffff, 0xffff, 0xffff, 0xffff, 0xffff, 0xffff, 0xffff, 0xffff, 
	0xffff, 0xffff, 0xffff, 0xffff, 0xffff, 0xffff, 0xffff, 0xffff, 0xffff, 0xffff, 0xffff, 0xffff, 0xffff, 0xffff, 0xffff, 0xffff, 
	0xffff, 0xffff, 0xffff, 0xffff, 0xffff, 0xffff, 0xffff, 0xffff, 0xffff, 0xffff, 0xffff, 0xffff, 0xffff, 0xffff, 0xffff, 0xd69a, 
	0xa514, 0xffff, 0xffff, 0xffff, 0xffff, 0xffff, 0xffff, 0xffff, 0xffff, 0xffff, 0xffff, 0xffff, 0xffff, 0xffff, 0xffff, 0xffff, 
	0xffff, 0xffff, 0xffff, 0xffff, 0xffff, 0xffff, 0xffff, 0xffff, 0xffff, 0xffff, 0xffff, 0xffff, 0xffff, 0xffff, 0xffff, 0xffff, 
	0xffff, 0xffff, 0xffff, 0xffff, 0xffff, 0xffff, 0xffff, 0xffff, 0xffff, 0xffff, 0xffff, 0xffff, 0xffff, 0xffff, 0xffff, 0xd69a, 
	0xa514, 0xffff, 0xffff, 0xffff, 0xffff, 0xffff, 0xffff, 0xffff, 0xffff, 0xffff, 0xffff, 0xffff, 0xffff, 0xffff, 0xffff, 0xffff, 
	0xffff, 0xffff, 0xffff, 0xffff, 0xffff, 0xffff, 0xffff, 0xffff, 0xffff, 0xffff, 0xffff, 0xffff, 0xffff, 0xffff, 0xffff, 0xffff, 
	0xffff, 0xffff, 0xffff, 0xffff, 0xff9e, 0xfe5a, 0xfe5a, 0xfe5a, 0xfe5a, 0xfe5a, 0xfe5a, 0xfe5a, 0xfe5a, 0xff3d, 0xffff, 0xd69a, 
	0xa514, 0xffff, 0xffff, 0xffff, 0xffff, 0xffff, 0xffff, 0xffff, 0xffff, 0xffff, 0xffff, 0xffff, 0xffff, 0xffff, 0xffff, 0xffff, 
	0xffff, 0xffff, 0xffff, 0xffff, 0xffff, 0xffff, 0xffff, 0xffff, 0xffff, 0xffff, 0xffff, 0xffff, 0xffff, 0xffff, 0xffff, 0xffff, 
	0xffff, 0xffff, 0xffff, 0xffff, 0xfdb8, 0xe006, 0xe806, 0xe806, 0xe806, 0xe806, 0xe806, 0xe806, 0xe006, 0xf4f5, 0xffdf, 0xd69a, 
	0xa514, 0xffff, 0xffff, 0xffff, 0xffff, 0xffff, 0xffff, 0xffff, 0xffff, 0xffff, 0xffff, 0xffff, 0xffff, 0xffff, 0xffff, 0xffff, 
	0xffff, 0xffff, 0xffff, 0xffff, 0xffff, 0xffff, 0xffff, 0xffff, 0xffff, 0xffff, 0xffff, 0xffff, 0xffff, 0xffff, 0xffff, 0xffff, 
	0xffff, 0xffff, 0xffff, 0xffdf, 0xfbd2, 0xf003, 0xf003, 0xf003, 0xf003, 0xf003, 0xf003, 0xf003, 0xe804, 0xfe19, 0xffff, 0xd69a, 
	0xa514, 0xffff, 0xffff, 0xffff, 0xffff, 0xffff, 0xffff, 0xffff, 0xffff, 0xffff, 0xffff, 0xffff, 0xffff, 0xffff, 0xffff, 0xffff, 
	0xffff, 0xffff, 0xffff, 0xffff, 0xffff, 0xffff, 0xffff, 0xffff, 0xffff, 0xffff, 0xffff, 0xffff, 0xffff, 0xffff, 0xffff, 0xffff, 
	0xffff, 0xffff, 0xffff, 0xff7e, 0xf1cb, 0xf003, 0xf003, 0xf003, 0xf003, 0xf003, 0xf003, 0xf003, 0xe828, 0xff7e, 0xffff, 0xd69a, 
	0xa514, 0xffff, 0xef7e, 0xb619, 0xb619, 0xdf3d, 0xffff, 0xef7e, 0xb619, 0xb61a, 0xbe3a, 0xf7df, 0xffff, 0xc65a, 0xb619, 0xb619, 
	0xb619, 0xb619, 0xb619, 0xbe3a, 0xcedc, 0xef9e, 0xffff, 0xffdf, 0xbe5a, 0xb619, 0xb619, 0xb639, 0xb63a, 0xd6dc, 0xef9e, 0xffff, 
	0xffff, 0xffff, 0xffff, 0xfedc, 0xe828, 0xf0a9, 0xf26d, 0xf28d, 0xe807, 0xf003, 0xf003, 0xf003, 0xf26d, 0xffdf, 0xffff, 0xd69a, 
	0xa514, 0xffff, 0xd6fc, 0x1a0c, 0x11cb, 0x84b5, 0xf7df, 0xadd8, 0x11cb, 0x11ec, 0x1a0c, 0xd6dc, 0xe75e, 0x2a6d, 0x11ec, 0x11ec, 
	0x11ec, 0x11ec, 0x11ec, 0x11ec, 0x1a2c, 0x4b50, 0x9d78, 0xe77e, 0x2a8d, 0x11ec, 0x11cc, 0x11cb, 0x11ec, 0x1a2c, 0x4b50, 0xcedc, 
	0xffff, 0xffff, 0xffff, 0xfd77, 0xe8c9, 0xfe5b, 0xfebb, 0xff3d, 0xfdf9, 0xe807, 0xf003, 0xe803, 0xfc74, 0xffff, 0xffff, 0xd69a, 
	0xa514, 0xffff, 0xef9e, 0x328e, 0x09cc, 0x5371, 0xe77e, 0x84b5, 0x09ab, 0x09cc, 0x09ab, 0xb5f9, 0xc69b, 0x11cc, 0x09cb, 0x120d, 
	0x09cb, 0x09cb, 0x120c, 0x1a2c, 0x09cb, 0x09cb, 0x11ec, 0x9d98, 0x226d, 0x09cb, 0x120c, 0x3aef, 0x2a8e, 0x09cb, 0x09ab, 0x63f2, 
	0xffdf, 0xffff, 0xffdf, 0xfbd1, 0xe804, 0xf22d, 0xe0c8, 0xfcf5, 0xff7e, 0xf1eb, 0xf003, 0xe805, 0xfdf9, 0xffff, 0xffff, 0xd69a, 
	0xa514, 0xffff, 0xffff, 0x63f2, 0x09ab, 0x2a8e, 0xc69b, 0x5391, 0x09cc, 0x09cc, 0x09ab, 0x84f6, 0x9557, 0x09ab, 0x09ab, 0x4b71, 
	0x09cb, 0x09eb, 0x9537, 0xe75e, 0xadb9, 0x1a0c, 0x09cb, 0x2a8e, 0x1a2d, 0x09ab, 0x4330, 0xf7bf, 0xe77e, 0x32ae, 0x09cc, 0x3acf, 
	0xf79e, 0xffff, 0xffbe, 0xf1ab, 0xf002, 0xf003, 0xe804, 0xfd15, 0xff1d, 0xe8a9, 0xf003, 0xe889, 0xff1d, 0xffff, 0xffff, 0xd69a, 
	0xa514, 0xffff, 0xffff, 0x9d77, 0x09cb, 0x120c, 0x9557, 0x32ce, 0x11ec, 0x3af0, 0x09cb, 0x5bb2, 0x63f2, 0x09ab, 0x11ec, 0x84d6, 
	0x09cb, 0x11ec, 0x9d77, 0xffff, 0xffff, 0x5391, 0x01ab, 0x09cc, 0x09cc, 0x09ab, 0x3aef, 0xc67b, 0xae19, 0x1a4d, 0x09ab, 0x5371, 
	0xf7df, 0xffff, 0xfedc, 0xe806, 0xf002, 0xe804, 0xf26d, 0xff1d, 0xfc53, 0xe804, 0xf002, 0xf2ae, 0xffbe, 0xffff, 0xffff, 0xd69a, 
	0xa514, 0xffff, 0xffff, 0xc69b, 0x120c, 0x09cc, 0x5bd3, 0x1a2d, 0x224d, 0x84f6, 0x120c, 0x3acf, 0x3aef, 0x09ab, 0x2a6d, 0x9d78, 
	0x09cb, 0x11ec, 0x9d77, 0xffff, 0xffff, 0x6c13, 0x01ab, 0x09cc, 0x09cc, 0x09cc, 0x11ec, 0x2a6d, 0x1a2d, 0x09cb, 0x1a2d, 0xadd8, 
	0xffff, 0xffff, 0xfdb8, 0xe804, 0xf003, 0xf24d, 0xfe5a, 0xfe7a, 0xe1eb, 0xf006, 0xe803, 0xfc53, 0xffdf, 0xffff, 0xffff, 0xd69a, 
	0xa514, 0xffff, 0xffff, 0xe77e, 0x3acf, 0x09ab, 0x120d, 0x09cc, 0x4b30, 0xcebc, 0x32ae, 0x11ec, 0x11ec, 0x09ab, 0x5391, 0xb619, 
	0x09cb, 0x11ec, 0x9d77, 0xffff, 0xf7df, 0x5371, 0x09ab, 0x09cc, 0x09cc, 0x09ab, 0x11ec, 0x2a8e, 0x11ec, 0x11ec, 0x7cb5, 0xf7df, 
	0xffff, 0xffbe, 0xfbb1, 0xf003, 0xf028, 0xfefc, 0xff9e, 0xff3d, 0xfedc, 0xfbb2, 0xe005, 0xfe5a, 0xffff, 0xffff, 0xffff, 0xd69a, 
	0xa514, 0xffff, 0xffff, 0xf7df, 0x5bd2, 0x09ab, 0x09cb, 0x09ab, 0x6c33, 0xe75e, 0x5391, 0x09cc, 0x09cc, 0x11cc, 0x84d5, 0xbe3a, 
	0x09cb, 0x11ec, 0x9557, 0xef9e, 0xbe3a, 0x1a2d, 0x09cb, 0x226d, 0x226e, 0x09ab, 0x32ae, 0xc67b, 0x5391, 0x09ab, 0x2a8e, 0xd6fc, 
	0xffff, 0xff3d, 0xf20c, 0xf002, 0xf007, 0xf330, 0xf350, 0xf350, 0xf350, 0xf16b, 0xe868, 0xff3d, 0xffff, 0xffff, 0xffff, 0xd69a, 
	0xa514, 0xffff, 0xffff, 0xffff, 0x9557, 0x09ab, 0x09cc, 0x09ab, 0xa598, 0xffdf, 0x84d5, 0x09ab, 0x09cc, 0x224d, 0xbe5a, 0xbe3a, 
	0x09cb, 0x09cc, 0x2a8e, 0x3aef, 0x1a2d, 0x09ab, 0x11cb, 0x8d16, 0x3acf, 0x09ab, 0x3acf, 0xf7bf, 0xcebc, 0x1a0c, 0x09cb, 0x63f2, 
	0xf7bf, 0xfdf9, 0xe807, 0xf003, 0xf003, 0xf003, 0xf003, 0xf003, 0xf003, 0xe803, 0xf28d, 0xffbf, 0xffff, 0xffff, 0xffff, 0xd69a, 
	0xa514, 0xffff, 0xffff, 0xffff, 0xcebb, 0x11cb, 0x09ab, 0x09cb, 0xcebc, 0xffff, 0xb63a, 0x018a, 0x09ab, 0x4b30, 0xe75e, 0xbe3a, 
	0x09ab, 0x09ab, 0x09ab, 0x09ab, 0x09cb, 0x3ace, 0x9d57, 0xf7bf, 0x3ace, 0x09ab, 0x3aae, 0xf7bf, 0xffff, 0x7c94, 0x09ab, 0x09ab, 
	0xb5f9, 0xf433, 0xe804, 0xf003, 0xf003, 0xf003, 0xf003, 0xf003, 0xf003, 0xe804, 0xfc74, 0xffff, 0xffff, 0xffff, 0xffff, 0xd69a, 
	0xa514, 0xffff, 0xffff, 0xffff, 0xf7bf, 0x9d77, 0x9557, 0x9d77, 0xf7bf, 0xffff, 0xef9e, 0x9d57, 0x9557, 0xbe5a, 0xffdf, 0xe73d, 
	0x9d57, 0x9557, 0x9557, 0x9d77, 0xbe3a, 0xe75e, 0xffff, 0xffff, 0xadf9, 0x9d77, 0xb5d9, 0xffdf, 0xffff, 0xe75d, 0xa598, 0x9d77, 
	0xce19, 0xf26d, 0xf003, 0xf003, 0xf003, 0xf003, 0xf003, 0xf003, 0xf002, 0xe807, 0xfdf9, 0xffff, 0xffff, 0xffff, 0xffff, 0xd69a, 
	0xa514, 0xffff, 0xffff, 0xffff, 0xffff, 0xffff, 0xffff, 0xffff, 0xffff, 0xffff, 0xffff, 0xffff, 0xffff, 0xffff, 0xffff, 0xffff, 
	0xffff, 0xffff, 0xffff, 0xffff, 0xffff, 0xffff, 0xffff, 0xffff, 0xffff, 0xffff, 0xffff, 0xffff, 0xffff, 0xffff, 0xffff, 0xffff, 
	0xfefc, 0xe828, 0xf002, 0xf003, 0xf003, 0xf003, 0xf003, 0xf003, 0xf002, 0xf22c, 0xff1d, 0xffff, 0xffff, 0xffff, 0xffff, 0xd69a, 
	0xa514, 0xffff, 0xffff, 0xffff, 0xffff, 0xffff, 0xffff, 0xffff, 0xffff, 0xffff, 0xffff, 0xffff, 0xffff, 0xffff, 0xffff, 0xffff, 
	0xffff, 0xffff, 0xffff, 0xffff, 0xffff, 0xffff, 0xffff, 0xffff, 0xffff, 0xffff, 0xffff, 0xffff, 0xffff, 0xffff, 0xffff, 0xffff, 
	0xfdd8, 0xe805, 0xf003, 0xf003, 0xf003, 0xf003, 0xf003, 0xf003, 0xf003, 0xfbd2, 0xff9e, 0xffff, 0xffff, 0xffff, 0xffff, 0xd69a, 
	0xa514, 0xffff, 0xffff, 0xffff, 0xffff, 0xffff, 0xffff, 0xffff, 0xffff, 0xffff, 0xffff, 0xffff, 0xffff, 0xffff, 0xffff, 0xffff, 
	0xffff, 0xffff, 0xffff, 0xffff, 0xffff, 0xffff, 0xffff, 0xffff, 0xffff, 0xffff, 0xffff, 0xffff, 0xffff, 0xffff, 0xffff, 0xffff, 
	0xfc12, 0xe803, 0xf003, 0xf003, 0xf003, 0xf003, 0xf003, 0xf003, 0xe805, 0xfdb8, 0xffdf, 0xffff, 0xffff, 0xffff, 0xffff, 0xd69a, 
	0xa514, 0xffff, 0xffff, 0xffff, 0xffff, 0xffff, 0xffff, 0xffff, 0xffff, 0xffff, 0xffff, 0xffff, 0xffff, 0xffff, 0xffff, 0xffff, 
	0xffff, 0xffff, 0xffff, 0xffff, 0xffff, 0xffff, 0xffff, 0xffff, 0xffff, 0xffff, 0xffff, 0xffff, 0xffff, 0xffff, 0xffff, 0xffdf, 
	0xf412, 0xe9cb, 0xf1ab, 0xe9cb, 0xf1ab, 0xf1cb, 0xf1cb, 0xe9ab, 0xeaad, 0xff1c, 0xffff, 0xffff, 0xffff, 0xffff, 0xffff, 0xd69a, 
	0xa514, 0xffff, 0xffff, 0xffff, 0xffff, 0xffff, 0xffff, 0xffff, 0xffff, 0xffff, 0xffff, 0xffff, 0xffff, 0xffff, 0xffff, 0xffff, 
	0xffff, 0xffff, 0xffff, 0xffff, 0xffff, 0xffff, 0xffff, 0xffff, 0xffff, 0xffff, 0xffff, 0xffff, 0xffff, 0xffff, 0xffff, 0xffff, 
	0xff7e, 0xff5d, 0xff5d, 0xff5d, 0xff5d, 0xff5d, 0xff5d, 0xff5d, 0xff7e, 0xffff, 0xffff, 0xffff, 0xffff, 0xffff, 0xffff, 0xd69a, 
	0xa514, 0xffff, 0xffff, 0xffff, 0xffff, 0xffff, 0xffff, 0xffff, 0xffff, 0xffff, 0xffff, 0xffff, 0xffff, 0xffff, 0xffff, 0xffff, 
	0xffff, 0xffff, 0xffff, 0xffff, 0xffff, 0xffff, 0xffff, 0xffff, 0xffff, 0xffff, 0xffff, 0xffff, 0xffff, 0xffff, 0xffff, 0xffff, 
	0xffff, 0xffff, 0xffff, 0xffff, 0xffff, 0xffff, 0xffff, 0xffff, 0xffff, 0xffff, 0xffff, 0xffff, 0xffff, 0xffff, 0xffff, 0xd69a, 
	0xa514, 0xffff, 0xffff, 0xffff, 0xffff, 0xffff, 0xffff, 0xffff, 0xffff, 0xffff, 0xffff, 0xffff, 0xffff, 0xffff, 0xffff, 0xffff, 
	0xffff, 0xffff, 0xffff, 0xffff, 0xffff, 0xffff, 0xffff, 0xffff, 0xffff, 0xffff, 0xffff, 0xffff, 0xffff, 0xffff, 0xffff, 0xffff, 
	0xffff, 0xffff, 0xffff, 0xffff, 0xffff, 0xffff, 0xffff, 0xffff, 0xffff, 0xffff, 0xffff, 0xffff, 0xffff, 0xffff, 0xffff, 0xd69a, 
	0xa514, 0xffff, 0xffff, 0xffff, 0xffff, 0xffff, 0xffff, 0xffff, 0xffff, 0xffff, 0xffff, 0xffff, 0xffff, 0xffff, 0xffff, 0xffff, 
	0xffff, 0xffff, 0xffff, 0xffff, 0xffff, 0xffff, 0xffff, 0xffff, 0xffff, 0xffff, 0xffff, 0xffff, 0xffff, 0xffff, 0xffff, 0xffff, 
	0xffff, 0xffff, 0xffff, 0xffff, 0xffff, 0xffff, 0xffff, 0xffff, 0xffff, 0xffff, 0xffff, 0xffff, 0xffff, 0xffff, 0xffff, 0xd69a, 
	0xa514, 0xffff, 0xffff, 0xffff, 0xffff, 0xffff, 0xffff, 0xffff, 0xffff, 0xffff, 0xffff, 0xffff, 0xffff, 0xffff, 0xffff, 0xffff, 
	0xffff, 0xffff, 0xffff, 0xffff, 0xffff, 0xffff, 0xffff, 0xffff, 0xffff, 0xffff, 0xffff, 0xffff, 0xffff, 0xffff, 0xffff, 0xffff, 
	0xffff, 0xffff, 0xffff, 0xffff, 0xffff, 0xffff, 0xffff, 0xffff, 0xffff, 0xffff, 0xffff, 0xffff, 0xffff, 0xffff, 0xffff, 0xd69a, 
	0xa514, 0xffff, 0xffff, 0xffff, 0xffff, 0xffff, 0xffff, 0xffff, 0xffff, 0xffff, 0xffff, 0xffff, 0xffff, 0xffff, 0xffff, 0xffff, 
	0xffff, 0xffff, 0xffff, 0xffff, 0xffff, 0xffff, 0xffff, 0xffff, 0xffff, 0xffff, 0xffff, 0xffff, 0xffff, 0xffff, 0xffff, 0xffff, 
	0xffff, 0xffff, 0xffff, 0xffff, 0xffff, 0xffff, 0xffff, 0xffff, 0xffff, 0xffff, 0xffff, 0xffff, 0xffff, 0xffff, 0xffff, 0xd69a, 
	0xa514, 0xffff, 0xffff, 0xffff, 0xffff, 0xffff, 0xffff, 0xffff, 0xffff, 0xffff, 0xffff, 0xffff, 0xffff, 0xffff, 0xffff, 0xffff, 
	0xffff, 0xffff, 0xffff, 0xffff, 0xffff, 0xffff, 0xffff, 0xffff, 0xffff, 0xffff, 0xffff, 0xffff, 0xffff, 0xffff, 0xffff, 0xffff, 
	0xffff, 0xffff, 0xffff, 0xffff, 0xffff, 0xffff, 0xffff, 0xffff, 0xffff, 0xffff, 0xffff, 0xffff, 0xffff, 0xffff, 0xffff, 0xd69a, 
	0xa514, 0xffff, 0xffff, 0xffff, 0xffff, 0xffff, 0xffff, 0xffff, 0xffff, 0xffff, 0xffff, 0xffff, 0xffff, 0xffff, 0xffff, 0xffff, 
	0xffff, 0xffff, 0xffff, 0xffff, 0xffff, 0xffff, 0xffff, 0xffff, 0xffff, 0xffff, 0xffff, 0xffff, 0xffff, 0xffff, 0xffff, 0xffff, 
	0xffff, 0xffff, 0xffff, 0xffff, 0xffff, 0xffff, 0xffff, 0xffff, 0xffff, 0xffff, 0xffff, 0xffff, 0xffff, 0xffff, 0xffff, 0xd69a, 
	0xa514, 0xffff, 0xffff, 0xffff, 0xffff, 0xffff, 0xffff, 0xffff, 0xffff, 0xffff, 0xffff, 0xffff, 0xffff, 0xffff, 0xffff, 0xffff, 
	0xffff, 0xffff, 0xffff, 0xffff, 0xffff, 0xffff, 0xffff, 0xffff, 0xffff, 0xffff, 0xffff, 0xffff, 0xffff, 0xffff, 0xffff, 0xffff, 
	0xffff, 0xffff, 0xffff, 0xffff, 0xffff, 0xffff, 0xffff, 0xffff, 0xffff, 0xffff, 0xffff, 0xffff, 0xffff, 0xffff, 0xffff, 0xd69a, 
	0xa514, 0xffff, 0xffff, 0xffff, 0xffff, 0xffff, 0xffff, 0xffff, 0xffff, 0xffff, 0xffff, 0xffff, 0xffff, 0xffff, 0xffff, 0xffff, 
	0xffff, 0xffff, 0xffff, 0xffff, 0xffff, 0xffff, 0xffff, 0xffff, 0xffff, 0xffff, 0xffff, 0xffff, 0xffff, 0xffff, 0xffff, 0xffff, 
	0xffff, 0xffff, 0xffff, 0xffff, 0xffff, 0xffff, 0xffff, 0xffff, 0xffff, 0xffff, 0xffff, 0xffff, 0xffff, 0xffff, 0xffff, 0xd69a, 
	0xa514, 0xffff, 0xffff, 0xffff, 0xffff, 0xffff, 0xffff, 0xffff, 0xffff, 0xffff, 0xffff, 0xffff, 0xffff, 0xffff, 0xffff, 0xffff, 
	0xffff, 0xffff, 0xffff, 0xffff, 0xffff, 0xffff, 0xffff, 0xffff, 0xffff, 0xffff, 0xffff, 0xffff, 0xffff, 0xffff, 0xffff, 0xffff, 
	0xffff, 0xffff, 0xffff, 0xffff, 0xffff, 0xffff, 0xffff, 0xffff, 0xffff, 0xffff, 0xffff, 0xffff, 0xffff, 0xffff, 0xffff, 0xd69a, 
	0xa514, 0xffff, 0xffff, 0xffff, 0xffff, 0xffff, 0xffff, 0xffff, 0xffff, 0xffff, 0xffff, 0xffff, 0xffff, 0xffff, 0xffff, 0xffff, 
	0xffff, 0xffff, 0xffff, 0xffff, 0xffff, 0xffff, 0xffff, 0xffff, 0xffff, 0xffff, 0xffff, 0xffff, 0xffff, 0xffff, 0xffff, 0xffff, 
	0xffff, 0xffff, 0xffff, 0xffff, 0xffff, 0xffff, 0xffff, 0xffff, 0xffff, 0xffff, 0xffff, 0xffff, 0xffff, 0xffff, 0xffff, 0xd69a, 
	0xa514, 0xffff, 0xffff, 0xffff, 0xffff, 0xffff, 0xffff, 0xffff, 0xffff, 0xffff, 0xffff, 0xffff, 0xffff, 0xffff, 0xffff, 0xffff, 
	0xffff, 0xffff, 0xffff, 0xffff, 0xffff, 0xffff, 0xffff, 0xffff, 0xffff, 0xffff, 0xffff, 0xffff, 0xffff, 0xffff, 0xffff, 0xffff, 
	0xffff, 0xffff, 0xffff, 0xffff, 0xffff, 0xffff, 0xffff, 0xffff, 0xffff, 0xffff, 0xffff, 0xffff, 0xffff, 0xffff, 0xffff, 0xd69a, 
	0xa514, 0xffff, 0xffff, 0xffff, 0xffff, 0xffff, 0xffff, 0xffff, 0xffff, 0xffff, 0xffff, 0xffff, 0xffff, 0xffff, 0xffff, 0xffff, 
	0xffff, 0xffff, 0xffff, 0xffff, 0xffff, 0xffff, 0xffff, 0xffff, 0xffff, 0xffff, 0xffff, 0xffff, 0xffff, 0xffff, 0xffff, 0xffff, 
	0xffff, 0xffff, 0xffff, 0xffff, 0xffff, 0xffff, 0xffff, 0xffff, 0xffff, 0xffff, 0xffff, 0xffff, 0xffff, 0xffff, 0xffff, 0xce79, 
	0x8c51, 0xffff, 0xffff, 0xffff, 0xffff, 0xffff, 0xffff, 0xffff, 0xffff, 0xffff, 0xffff, 0xffff, 0xffff, 0xffff, 0xffff, 0xffff, 
	0xffff, 0xffff, 0xffff, 0xffff, 0xffff, 0xffff, 0xffff, 0xffff, 0xffff, 0xffff, 0xffff, 0xffff, 0xffff, 0xffff, 0xffff, 0xffff, 
	0xffff, 0xffff, 0xffff, 0xffff, 0xffff, 0xffff, 0xffff, 0xffff, 0xffff, 0xffff, 0xffff, 0xffff, 0xffff, 0xffff, 0xffff, 0xbdd7
};

// Array of all bitmaps for convenience. (Total bytes used to store images = 2320)
const int logo_allArray_LEN = 1;
const uint16_t* logo_allArray[1] = {
	logo_wdr2
};

// WDR 3
// 'wdr3', 48x48px
const uint16_t logo_wdr3 [] = {
	0x3203, 0x4266, 0xbdf6, 0xf7be, 0xffff, 0xffff, 0xffff, 0xffff, 0xffff, 0xffff, 0xffff, 0xffff, 0xffff, 0xffff, 0xffff, 0xffff, 
	0xffff, 0xffff, 0xffff, 0xffff, 0xffff, 0xffff, 0xffff, 0xffff, 0xffff, 0xffff, 0xffff, 0xffff, 0xffff, 0xffff, 0xffff, 0xffff, 
	0xffff, 0xffff, 0xffff, 0xffff, 0xffff, 0xffff, 0xffff, 0xffff, 0xffff, 0xffff, 0xffff, 0xffff, 0xffff, 0xf7be, 0xbdd6, 0x3a06, 
	0x3a25, 0xe73c, 0xffff, 0xffff, 0xffff, 0xffff, 0xffff, 0xffff, 0xffff, 0xffff, 0xffff, 0xffff, 0xffff, 0xffff, 0xffff, 0xffff, 
	0xffff, 0xffff, 0xffff, 0xffff, 0xffff, 0xffff, 0xffff, 0xffff, 0xffff, 0xffff, 0xffff, 0xffff, 0xffff, 0xffff, 0xffff, 0xffff, 
	0xffff, 0xffff, 0xffff, 0xffff, 0xffff, 0xffff, 0xffff, 0xffff, 0xffff, 0xffff, 0xffff, 0xffff, 0xffff, 0xffff, 0xffff, 0xe73c, 
	0x8c90, 0xffff, 0xffff, 0xffff, 0xffff, 0xffff, 0xffff, 0xffff, 0xffff, 0xffff, 0xffff, 0xffff, 0xffff, 0xffff, 0xffff, 0xffff, 
	0xffff, 0xffff, 0xffff, 0xffff, 0xffff, 0xffff, 0xffff, 0xffff, 0xffff, 0xffff, 0xffff, 0xffff, 0xffff, 0xffff, 0xffff, 0xffff, 
	0xffff, 0xffff, 0xffff, 0xffff, 0xffff, 0xffff, 0xffff, 0xffff, 0xffff, 0xffff, 0xffff, 0xffff, 0xffff, 0xffff, 0xffff, 0xffff, 
	0xc637, 0xffff, 0xffff, 0xffff, 0xffff, 0xffff, 0xffff, 0xffff, 0xffff, 0xffff, 0xffff, 0xffff, 0xffff, 0xffff, 0xffff, 0xffff, 
	0xffff, 0xffff, 0xffff, 0xffff, 0xffff, 0xffff, 0xffff, 0xffff, 0xffff, 0xffff, 0xffff, 0xffff, 0xffff, 0xffff, 0xffff, 0xffff, 
	0xffff, 0xffff, 0xffff, 0xffff, 0xffff, 0xffff, 0xffff, 0xffff, 0xffff, 0xffff, 0xffff, 0xffff, 0xffff, 0xffff, 0xffff, 0xffff, 
	0xc657, 0xffff, 0xffff, 0xffff, 0xffff, 0xffff, 0xffff, 0xffff, 0xffff, 0xffff, 0xffff, 0xffff, 0xffff, 0xffff, 0xffff, 0xffff, 
	0xffff, 0xffff, 0xffff, 0xffff, 0xffff, 0xffff, 0xffff, 0xffff, 0xffff, 0xffff, 0xffff, 0xffff, 0xffff, 0xffff, 0xffff, 0xffff, 
	0xffff, 0xffff, 0xffff, 0xffff, 0xffff, 0xffff, 0xffff, 0xffff, 0xffff, 0xffff, 0xffff, 0xffff, 0xffff, 0xffff, 0xffff, 0xffff, 
	0xc657, 0xffff, 0xffff, 0xffff, 0xffff, 0xffff, 0xffff, 0xffff, 0xffff, 0xffff, 0xffff, 0xffff, 0xffff, 0xffff, 0xffff, 0xffff, 
	0xffff, 0xffff, 0xffff, 0xffff, 0xffff, 0xffff, 0xffff, 0xffff, 0xffff, 0xffff, 0xffff, 0xffff, 0xffff, 0xffff, 0xffff, 0xffff, 
	0xffff, 0xffff, 0xffff, 0xffff, 0xffff, 0xffff, 0xffff, 0xffff, 0xffff, 0xffff, 0xffff, 0xffff, 0xffff, 0xffff, 0xffff, 0xffff, 
	0xc657, 0xffff, 0xffff, 0xffff, 0xffff, 0xffff, 0xffff, 0xffff, 0xffff, 0xffff, 0xffff, 0xffff, 0xffff, 0xffff, 0xffff, 0xffff, 
	0xffff, 0xffff, 0xffff, 0xffff, 0xffff, 0xffff, 0xffff, 0xffff, 0xffff, 0xffff, 0xffff, 0xffff, 0xffff, 0xffff, 0xffff, 0xffff, 
	0xffff, 0xffff, 0xffff, 0xffff, 0xffff, 0xffff, 0xffff, 0xffff, 0xffff, 0xffff, 0xffff, 0xffff, 0xffff, 0xffff, 0xffff, 0xffff, 
	0xc657, 0xffff, 0xffff, 0xffff, 0xffff, 0xffff, 0xffff, 0xffff, 0xffff, 0xffff, 0xffff, 0xffff, 0xffff, 0xffff, 0xffff, 0xffff, 
	0xffff, 0xffff, 0xffff, 0xffff, 0xffff, 0xffff, 0xffff, 0xffff, 0xffff, 0xffff, 0xffff, 0xffff, 0xffff, 0xffff, 0xffff, 0xffff, 
	0xffff, 0xffff, 0xffff, 0xffff, 0xffff, 0xffff, 0xffff, 0xffff, 0xffff, 0xffff, 0xffff, 0xffff, 0xffff, 0xffff, 0xffff, 0xffff, 
	0xc657, 0xffff, 0xffff, 0xffff, 0xffff, 0xffff, 0xffff, 0xffff, 0xffff, 0xffff, 0xffff, 0xffff, 0xffff, 0xffff, 0xffff, 0xffff, 
	0xffff, 0xffff, 0xffff, 0xffff, 0xffff, 0xffff, 0xffff, 0xffff, 0xffff, 0xffff, 0xffff, 0xffff, 0xffff, 0xffff, 0xffff, 0xffff, 
	0xffff, 0xffff, 0xffff, 0xffff, 0xffff, 0xffff, 0xffff, 0xffff, 0xffff, 0xffff, 0xffff, 0xffff, 0xffff, 0xffff, 0xffff, 0xffff, 
	0xc657, 0xffff, 0xffff, 0xffff, 0xffff, 0xffff, 0xffff, 0xffff, 0xffff, 0xffff, 0xffff, 0xffff, 0xffff, 0xffff, 0xffff, 0xffff, 
	0xffff, 0xffff, 0xffff, 0xffff, 0xffff, 0xffff, 0xffff, 0xffff, 0xffff, 0xffff, 0xffff, 0xffff, 0xffff, 0xffff, 0xffff, 0xffff, 
	0xffff, 0xffff, 0xffff, 0xffff, 0xffff, 0xffff, 0xffff, 0xffff, 0xffff, 0xffff, 0xffff, 0xffff, 0xffff, 0xffff, 0xffff, 0xffff, 
	0xc657, 0xffff, 0xffff, 0xffff, 0xffff, 0xffff, 0xffff, 0xffff, 0xffff, 0xffff, 0xffff, 0xffff, 0xffff, 0xffff, 0xffff, 0xffff, 
	0xffff, 0xffff, 0xffff, 0xffff, 0xffff, 0xffff, 0xffff, 0xffff, 0xffff, 0xffff, 0xffff, 0xffff, 0xffff, 0xffff, 0xffff, 0xffff, 
	0xffff, 0xffff, 0xffff, 0xffff, 0xffff, 0xffff, 0xffff, 0xffff, 0xffff, 0xffff, 0xffff, 0xffff, 0xffff, 0xffff, 0xffff, 0xffff, 
	0xc657, 0xffff, 0xffff, 0xffff, 0xffff, 0xffff, 0xffff, 0xffff, 0xffff, 0xffff, 0xffff, 0xffff, 0xffff, 0xffff, 0xffff, 0xffff, 
	0xffff, 0xffff, 0xffff, 0xffff, 0xffff, 0xffff, 0xffff, 0xffff, 0xffff, 0xffff, 0xffff, 0xffff, 0xffff, 0xffff, 0xffff, 0xffff, 
	0xffff, 0xffff, 0xffff, 0xffff, 0xffff, 0xffff, 0xffff, 0xffff, 0xffff, 0xffff, 0xffff, 0xffff, 0xffff, 0xffff, 0xffff, 0xffff, 
	0xc657, 0xffff, 0xffff, 0xffff, 0xffff, 0xffff, 0xffff, 0xffff, 0xffff, 0xffff, 0xffff, 0xffff, 0xffff, 0xffff, 0xffff, 0xffff, 
	0xffff, 0xffff, 0xffff, 0xffff, 0xffff, 0xffff, 0xffff, 0xffff, 0xffff, 0xffff, 0xffff, 0xffff, 0xffff, 0xffff, 0xffff, 0xffff, 
	0xffff, 0xffff, 0xffff, 0xffff, 0xffff, 0xffff, 0xffff, 0xffff, 0xffff, 0xffff, 0xffff, 0xffff, 0xffff, 0xffff, 0xffff, 0xffff, 
	0xc657, 0xffff, 0xffff, 0xffff, 0xffff, 0xffff, 0xffff, 0xffff, 0xffff, 0xffff, 0xffff, 0xffff, 0xffff, 0xffff, 0xffff, 0xffff, 
	0xffff, 0xffff, 0xffff, 0xffff, 0xffff, 0xffff, 0xffff, 0xffff, 0xffff, 0xffff, 0xffff, 0xffff, 0xffff, 0xffff, 0xffff, 0xffff, 
	0xffff, 0xffff, 0xffff, 0xffff, 0xffff, 0xffff, 0xffff, 0xffff, 0xffff, 0xffff, 0xffff, 0xffff, 0xffff, 0xffff, 0xffff, 0xffff, 
	0xc657, 0xffff, 0xffff, 0xffff, 0xffff, 0xffff, 0xffff, 0xffff, 0xffff, 0xffff, 0xffff, 0xffff, 0xffff, 0xffff, 0xffff, 0xffff, 
	0xffff, 0xffff, 0xffff, 0xffff, 0xffff, 0xffff, 0xffff, 0xffff, 0xffff, 0xffff, 0xffff, 0xffff, 0xffff, 0xffff, 0xffff, 0xffff, 
	0xffff, 0xffff, 0xffff, 0xffff, 0xffff, 0xf7b8, 0xef30, 0xef30, 0xef30, 0xef30, 0xef30, 0xef30, 0xef30, 0xef30, 0xf7ba, 0xffff, 
	0xc657, 0xffff, 0xffff, 0xffff, 0xffff, 0xffff, 0xffff, 0xffff, 0xffff, 0xffff, 0xffff, 0xffff, 0xffff, 0xffff, 0xffff, 0xffff, 
	0xffff, 0xffff, 0xffff, 0xffff, 0xffff, 0xffff, 0xffff, 0xffff, 0xffff, 0xffff, 0xffff, 0xffff, 0xffff, 0xffff, 0xffff, 0xffff, 
	0xffff, 0xffff, 0xffff, 0xffff, 0xfffe, 0xdec9, 0xce40, 0xce40, 0xce40, 0xce40, 0xce40, 0xce40, 0xce40, 0xce40, 0xf7b7, 0xffff, 
	0xc657, 0xffff, 0xffff, 0xffff, 0xffff, 0xffff, 0xffff, 0xffff, 0xffff, 0xffff, 0xffff, 0xffff, 0xffff, 0xffff, 0xffff, 0xffff, 
	0xffff, 0xffff, 0xffff, 0xffff, 0xffff, 0xffff, 0xffff, 0xffff, 0xffff, 0xffff, 0xffff, 0xffff, 0xffff, 0xffff, 0xffff, 0xffff, 
	0xffff, 0xffff, 0xffff, 0xffff, 0xfffc, 0xd660, 0xce40, 0xce40, 0xce40, 0xce40, 0xce40, 0xce40, 0xce40, 0xd640, 0xfffc, 0xffff, 
	0xc657, 0xffff, 0xffff, 0xffff, 0xffff, 0xffff, 0xffff, 0xffff, 0xffff, 0xffff, 0xffff, 0xffff, 0xffff, 0xffff, 0xffff, 0xffff, 
	0xffff, 0xffff, 0xffff, 0xffff, 0xffff, 0xffff, 0xffff, 0xffff, 0xffff, 0xffff, 0xffff, 0xffff, 0xffff, 0xffff, 0xffff, 0xffff, 
	0xffff, 0xffff, 0xffff, 0xffff, 0xf796, 0xce40, 0xce40, 0xce40, 0xce40, 0xce40, 0xce40, 0xce40, 0xce40, 0xdec7, 0xffff, 0xffff, 
	0xc657, 0xffff, 0xc67a, 0x5391, 0x5391, 0xb5f9, 0xffff, 0xd6fc, 0x5391, 0x5391, 0x63d2, 0xe75d, 0xffff, 0x9516, 0x5391, 0x5391, 
	0x5391, 0x5391, 0x5391, 0x5bb1, 0x6c33, 0xadd8, 0xef9e, 0xffff, 0x9d77, 0x5391, 0x5391, 0x5391, 0x5391, 0x63f2, 0x9d77, 0xf7be, 
	0xffff, 0xffff, 0xffff, 0xffff, 0xe70e, 0xce40, 0xe72e, 0xf7b7, 0xf7b7, 0xe72e, 0xce40, 0xce40, 0xce40, 0xef52, 0xffff, 0xffff, 
	0xc657, 0xffff, 0xdf1d, 0x09cb, 0x09cb, 0x5bd2, 0xffff, 0x9d56, 0x09ab, 0x09cc, 0x11cc, 0xb619, 0xef9e, 0x3aef, 0x09cc, 0x09cc, 
	0x09cc, 0x09cc, 0x09cc, 0x09cc, 0x09cc, 0x09ab, 0x2a6d, 0xc67b, 0x7474, 0x09cb, 0x09cc, 0x09cb, 0x09cb, 0x09cb, 0x09ab, 0x4b50, 
	0xef9e, 0xffff, 0xffff, 0xfffe, 0xdea5, 0xce40, 0xf793, 0xef52, 0xffda, 0xfffe, 0xdea3, 0xce40, 0xce40, 0xffda, 0xffff, 0xffff, 
	0xc657, 0xffff, 0xffff, 0x2a6e, 0x09cc, 0x224d, 0xf7bf, 0x6412, 0x09cc, 0x09cc, 0x09ab, 0x8d16, 0xd6dc, 0x1a0c, 0x09cc, 0x226e, 
	0x120c, 0x09cb, 0x3b10, 0x7c94, 0x4b50, 0x09cc, 0x09cc, 0x224d, 0x5bf2, 0x09cb, 0x09cc, 0x9557, 0xadd8, 0x4b70, 0x09cb, 0x09cb, 
	0xadf9, 0xffff, 0xffff, 0xffda, 0xd660, 0xce40, 0xce40, 0xd660, 0xf796, 0xffd9, 0xd640, 0xce40, 0xd660, 0xfffe, 0xffff, 0xffff, 
	0xc657, 0xffff, 0xffff, 0x63d2, 0x09cc, 0x09cb, 0xd6fc, 0x3aef, 0x09cb, 0x11cc, 0x09cb, 0x6412, 0xadd9, 0x09ab, 0x09cb, 0x5bd2, 
	0x120c, 0x09cb, 0x7c74, 0xffff, 0xffff, 0x7c94, 0x09cb, 0x09cc, 0x1a2d, 0x09cc, 0x11cc, 0xdf1d, 0xffff, 0xb63a, 0x09cc, 0x09cb, 
	0x9d77, 0xffff, 0xffff, 0xef74, 0xce40, 0xce40, 0xd660, 0xfffb, 0xfffe, 0xef53, 0xce40, 0xce40, 0xdec9, 0xffff, 0xffff, 0xffff, 
	0xc657, 0xffff, 0xffff, 0x9d77, 0x09ab, 0x09ab, 0x9d98, 0x1a0c, 0x09ab, 0x5bf2, 0x09ab, 0x3aef, 0x7c94, 0x09cb, 0x11cc, 0x8d36, 
	0x120c, 0x09cb, 0x7c74, 0xffff, 0xffff, 0xc67b, 0x09cc, 0x09cc, 0x09cc, 0x09cc, 0x09cc, 0x7c94, 0x84f5, 0x3acf, 0x09cb, 0x1a0c, 
	0xcebc, 0xffff, 0xffff, 0xe6ec, 0xce40, 0xce40, 0xce40, 0xd660, 0xef33, 0xfffe, 0xe70c, 0xce40, 0xef52, 0xffff, 0xffff, 0xffff, 
	0xc657, 0xffff, 0xffff, 0xdf3d, 0x11cb, 0x09cc, 0x4b91, 0x09cb, 0x11cb, 0xc69b, 0x11ec, 0x1a2d, 0x3aef, 0x09cc, 0x2a6e, 0xc67b, 
	0x120c, 0x09cb, 0x7c74, 0xffff, 0xffff, 0xc69b, 0x09cb, 0x09cc, 0x09cc, 0x09cc, 0x09cc, 0x09cb, 0x09cc, 0x09cc, 0x1a2d, 0xadd9, 
	0xffff, 0xffff, 0xfffd, 0xd681, 0xce40, 0xce40, 0xe6ea, 0xdeca, 0xf796, 0xfffe, 0xe6eb, 0xce40, 0xffda, 0xffff, 0xffff, 0xffff, 
	0xc657, 0xffff, 0xffff, 0xffff, 0x3acf, 0x09cc, 0x09cb, 0x09cc, 0x3acf, 0xffff, 0x32ce, 0x09cc, 0x09cc, 0x09cc, 0x5bb1, 0xd6fc, 
	0x120c, 0x09cb, 0x7c74, 0xffff, 0xffff, 0x9536, 0x09cb, 0x09cc, 0x1a2d, 0x09cb, 0x09cc, 0x6c33, 0x3acf, 0x09cc, 0x1a0c, 0xcebb, 
	0xffff, 0xffff, 0xf7b8, 0xd640, 0xce40, 0xd660, 0xffd8, 0xfffc, 0xffda, 0xe72f, 0xce40, 0xd680, 0xfffe, 0xffff, 0xffff, 0xffff, 
	0xc658, 0xffff, 0xffff, 0xffff, 0x6c33, 0x09cc, 0x09cc, 0x09cc, 0x7474, 0xffff, 0x63f2, 0x09cc, 0x09cc, 0x09cb, 0x8d16, 0xd6fc, 
	0x120c, 0x09cb, 0x5bd2, 0xbe5a, 0x84f5, 0x120c, 0x09cc, 0x120c, 0x63f3, 0x09cb, 0x11cc, 0xd6dc, 0xef7e, 0x2a8d, 0x09cb, 0x4b50, 
	0xf7be, 0xffff, 0xef51, 0xce40, 0xce40, 0xce40, 0xce40, 0xce40, 0xce40, 0xce40, 0xce40, 0xe6ec, 0xffff, 0xffff, 0xffff, 0xffff, 
	0xc658, 0xffff, 0xffff, 0xffff, 0xadd8, 0x09cb, 0x09cc, 0x09ab, 0xadd8, 0xffff, 0x9536, 0x09ab, 0x09cc, 0x120c, 0xc67b, 0xd6fc, 
	0x120c, 0x09cc, 0x09cb, 0x09ab, 0x09cc, 0x09cc, 0x11ec, 0x9d77, 0x84b5, 0x09cb, 0x09cc, 0xd6dc, 0xffff, 0xa5b8, 0x09cc, 0x09cb, 
	0x9536, 0xfffe, 0xdec9, 0xce40, 0xce40, 0xce40, 0xce40, 0xce40, 0xce40, 0xce40, 0xce40, 0xf795, 0xffff, 0xffff, 0xffff, 0xffff, 
	0xc658, 0xffff, 0xffff, 0xffff, 0xef9e, 0x2a8d, 0x224d, 0x224d, 0xdf1d, 0xffff, 0xc69b, 0x224d, 0x224d, 0x4b30, 0xf7be, 0xdf1c, 
	0x328e, 0x224d, 0x224d, 0x224d, 0x32ce, 0x6c33, 0xd6fc, 0xffff, 0x9516, 0x2a6d, 0x2a6d, 0xd6fc, 0xffff, 0xf7df, 0x5bb1, 0x2a6d, 
	0x3aee, 0xdf19, 0xd660, 0xce40, 0xce40, 0xce40, 0xce40, 0xce40, 0xce40, 0xce40, 0xd640, 0xfffc, 0xffff, 0xffff, 0xffff, 0xffff, 
	0xc658, 0xffff, 0xffff, 0xffff, 0xffff, 0xf7df, 0xf7df, 0xf7df, 0xffff, 0xffff, 0xffff, 0xf7df, 0xf7df, 0xf7df, 0xffff, 0xffff, 
	0xf7df, 0xf7df, 0xf7df, 0xf7df, 0xffff, 0xffff, 0xffff, 0xffff, 0xffff, 0xf7df, 0xf7df, 0xffff, 0xffff, 0xffff, 0xffff, 0xf7df, 
	0xf7df, 0xf796, 0xce40, 0xce40, 0xce40, 0xce40, 0xce40, 0xce40, 0xce40, 0xce40, 0xdea5, 0xfffe, 0xffff, 0xffff, 0xffff, 0xffff, 
	0xc658, 0xffff, 0xffff, 0xffff, 0xffff, 0xffff, 0xffff, 0xffff, 0xffff, 0xffff, 0xffff, 0xffff, 0xffff, 0xffff, 0xffff, 0xffff, 
	0xffff, 0xffff, 0xffff, 0xffff, 0xffff, 0xffff, 0xffff, 0xffff, 0xffff, 0xffff, 0xffff, 0xffff, 0xffff, 0xffff, 0xffff, 0xffff, 
	0xffff, 0xe72f, 0xce40, 0xce40, 0xce40, 0xce40, 0xce40, 0xce40, 0xce40, 0xce40, 0xe72f, 0xffff, 0xffff, 0xffff, 0xffff, 0xffff, 
	0xc658, 0xffff, 0xffff, 0xffff, 0xffff, 0xffff, 0xffff, 0xffff, 0xffff, 0xffff, 0xffff, 0xffff, 0xffff, 0xffff, 0xffff, 0xffff, 
	0xffff, 0xffff, 0xffff, 0xffff, 0xffff, 0xffff, 0xffff, 0xffff, 0xffff, 0xffff, 0xffff, 0xffff, 0xffff, 0xffff, 0xffff, 0xffff, 
	0xfffe, 0xdea5, 0xce40, 0xce40, 0xce40, 0xce40, 0xce40, 0xce40, 0xce40, 0xce40, 0xf7b8, 0xffff, 0xffff, 0xffff, 0xffff, 0xffff, 
	0xc658, 0xffff, 0xffff, 0xffff, 0xffff, 0xffff, 0xffff, 0xffff, 0xffff, 0xffff, 0xffff, 0xffff, 0xffff, 0xffff, 0xffff, 0xffff, 
	0xffff, 0xffff, 0xffff, 0xffff, 0xffff, 0xffff, 0xffff, 0xffff, 0xffff, 0xffff, 0xffff, 0xffff, 0xffff, 0xffff, 0xffff, 0xffff, 
	0xffdb, 0xd640, 0xce40, 0xce40, 0xce40, 0xce40, 0xce40, 0xce40, 0xce40, 0xd660, 0xfffd, 0xffff, 0xffff, 0xffff, 0xffff, 0xffff, 
	0xc658, 0xffff, 0xffff, 0xffff, 0xffff, 0xffff, 0xffff, 0xffff, 0xffff, 0xffff, 0xffff, 0xffff, 0xffff, 0xffff, 0xffff, 0xffff, 
	0xffff, 0xffff, 0xffff, 0xffff, 0xffff, 0xffff, 0xffff, 0xffff, 0xffff, 0xffff, 0xffff, 0xffff, 0xffff, 0xffff, 0xffff, 0xffff, 
	0xfffd, 0xf7b7, 0xf796, 0xf796, 0xf796, 0xf796, 0xf796, 0xf796, 0xf796, 0xf7b8, 0xffff, 0xffff, 0xffff, 0xffff, 0xffff, 0xffff, 
	0xc658, 0xffff, 0xffff, 0xffff, 0xffff, 0xffff, 0xffff, 0xffff, 0xffff, 0xffff, 0xffff, 0xffff, 0xffff, 0xffff, 0xffff, 0xffff, 
	0xffff, 0xffff, 0xffff, 0xffff, 0xffff, 0xffff, 0xffff, 0xffff, 0xffff, 0xffff, 0xffff, 0xffff, 0xffff, 0xffff, 0xffff, 0xffff, 
	0xffff, 0xffff, 0xffff, 0xffff, 0xffff, 0xffff, 0xffff, 0xffff, 0xffff, 0xffff, 0xffff, 0xffff, 0xffff, 0xffff, 0xffff, 0xffff, 
	0xc658, 0xffff, 0xffff, 0xffff, 0xffff, 0xffff, 0xffff, 0xffff, 0xffff, 0xffff, 0xffff, 0xffff, 0xffff, 0xffff, 0xffff, 0xffff, 
	0xffff, 0xffff, 0xffff, 0xffff, 0xffff, 0xffff, 0xffff, 0xffff, 0xffff, 0xffff, 0xffff, 0xffff, 0xffff, 0xffff, 0xffff, 0xffff, 
	0xffff, 0xffff, 0xffff, 0xffff, 0xffff, 0xffff, 0xffff, 0xffff, 0xffff, 0xffff, 0xffff, 0xffff, 0xffff, 0xffff, 0xffff, 0xffff, 
	0xc658, 0xffff, 0xffff, 0xffff, 0xffff, 0xffff, 0xffff, 0xffff, 0xffff, 0xffff, 0xffff, 0xffff, 0xffff, 0xffff, 0xffff, 0xffff, 
	0xffff, 0xffff, 0xffff, 0xffff, 0xffff, 0xffff, 0xffff, 0xffff, 0xffff, 0xffff, 0xffff, 0xffff, 0xffff, 0xffff, 0xffff, 0xffff, 
	0xffff, 0xffff, 0xffff, 0xffff, 0xffff, 0xffff, 0xffff, 0xffff, 0xffff, 0xffff, 0xffff, 0xffff, 0xffff, 0xffff, 0xffff, 0xffff, 
	0xc658, 0xffff, 0xffff, 0xffff, 0xffff, 0xffff, 0xffff, 0xffff, 0xffff, 0xffff, 0xffff, 0xffff, 0xffff, 0xffff, 0xffff, 0xffff, 
	0xffff, 0xffff, 0xffff, 0xffff, 0xffff, 0xffff, 0xffff, 0xffff, 0xffff, 0xffff, 0xffff, 0xffff, 0xffff, 0xffff, 0xffff, 0xffff, 
	0xffff, 0xffff, 0xffff, 0xffff, 0xffff, 0xffff, 0xffff, 0xffff, 0xffff, 0xffff, 0xffff, 0xffff, 0xffff, 0xffff, 0xffff, 0xffff, 
	0xc658, 0xffff, 0xffff, 0xffff, 0xffff, 0xffff, 0xffff, 0xffff, 0xffff, 0xffff, 0xffff, 0xffff, 0xffff, 0xffff, 0xffff, 0xffff, 
	0xffff, 0xffff, 0xffff, 0xffff, 0xffff, 0xffff, 0xffff, 0xffff, 0xffff, 0xffff, 0xffff, 0xffff, 0xffff, 0xffff, 0xffff, 0xffff, 
	0xffff, 0xffff, 0xffff, 0xffff, 0xffff, 0xffff, 0xffff, 0xffff, 0xffff, 0xffff, 0xffff, 0xffff, 0xffff, 0xffff, 0xffff, 0xffff, 
	0xc658, 0xffff, 0xffff, 0xffff, 0xffff, 0xffff, 0xffff, 0xffff, 0xffff, 0xffff, 0xffff, 0xffff, 0xffff, 0xffff, 0xffff, 0xffff, 
	0xffff, 0xffff, 0xffff, 0xffff, 0xffff, 0xffff, 0xffff, 0xffff, 0xffff, 0xffff, 0xffff, 0xffff, 0xffff, 0xffff, 0xffff, 0xffff, 
	0xffff, 0xffff, 0xffff, 0xffff, 0xffff, 0xffff, 0xffff, 0xffff, 0xffff, 0xffff, 0xffff, 0xffff, 0xffff, 0xffff, 0xffff, 0xffff, 
	0xc658, 0xffff, 0xffff, 0xffff, 0xffff, 0xffff, 0xffff, 0xffff, 0xffff, 0xffff, 0xffff, 0xffff, 0xffff, 0xffff, 0xffff, 0xffff, 
	0xffff, 0xffff, 0xffff, 0xffff, 0xffff, 0xffff, 0xffff, 0xffff, 0xffff, 0xffff, 0xffff, 0xffff, 0xffff, 0xffff, 0xffff, 0xffff, 
	0xffff, 0xffff, 0xffff, 0xffff, 0xffff, 0xffff, 0xffff, 0xffff, 0xffff, 0xffff, 0xffff, 0xffff, 0xffff, 0xffff, 0xffff, 0xffff, 
	0xce58, 0xffff, 0xffff, 0xffff, 0xffff, 0xffff, 0xffff, 0xffff, 0xffff, 0xffff, 0xffff, 0xffff, 0xffff, 0xffff, 0xffff, 0xffff, 
	0xffff, 0xffff, 0xffff, 0xffff, 0xffff, 0xffff, 0xffff, 0xffff, 0xffff, 0xffff, 0xffff, 0xffff, 0xffff, 0xffff, 0xffff, 0xffff, 
	0xffff, 0xffff, 0xffff, 0xffff, 0xffff, 0xffff, 0xffff, 0xffff, 0xffff, 0xffff, 0xffff, 0xffff, 0xffff, 0xffff, 0xffff, 0xffff, 
	0xc658, 0xffff, 0xffff, 0xffff, 0xffff, 0xffff, 0xffff, 0xffff, 0xffff, 0xffff, 0xffff, 0xffff, 0xffff, 0xffff, 0xffff, 0xffff, 
	0xffff, 0xffff, 0xffff, 0xffff, 0xffff, 0xffff, 0xffff, 0xffff, 0xffff, 0xffff, 0xffff, 0xffff, 0xffff, 0xffff, 0xffff, 0xffff, 
	0xffff, 0xffff, 0xffff, 0xffff, 0xffff, 0xffff, 0xffff, 0xffff, 0xffff, 0xffff, 0xffff, 0xffff, 0xffff, 0xffff, 0xffff, 0xffff, 
	0xc658, 0xffff, 0xffff, 0xffff, 0xffff, 0xffff, 0xffff, 0xffff, 0xffff, 0xffff, 0xffff, 0xffff, 0xffff, 0xffff, 0xffff, 0xffff, 
	0xffff, 0xffff, 0xffff, 0xffff, 0xffff, 0xffff, 0xffff, 0xffff, 0xffff, 0xffff, 0xffff, 0xffff, 0xffff, 0xffff, 0xffff, 0xffff, 
	0xffff, 0xffff, 0xffff, 0xffff, 0xffff, 0xffff, 0xffff, 0xffff, 0xffff, 0xffff, 0xffff, 0xffff, 0xffff, 0xffff, 0xffff, 0xffff, 
	0xce58, 0xffff, 0xffff, 0xffff, 0xffff, 0xffff, 0xffff, 0xffff, 0xffff, 0xffff, 0xffff, 0xffff, 0xffff, 0xffff, 0xffff, 0xffff, 
	0xffff, 0xffff, 0xffff, 0xffff, 0xffff, 0xffff, 0xffff, 0xffff, 0xffff, 0xffff, 0xffff, 0xffff, 0xffff, 0xffff, 0xffff, 0xffff, 
	0xffff, 0xffff, 0xffff, 0xffff, 0xffff, 0xffff, 0xffff, 0xffff, 0xffff, 0xffff, 0xffff, 0xffff, 0xffff, 0xffff, 0xffff, 0xffff, 
	0xce58, 0xffff, 0xffff, 0xffff, 0xffff, 0xffff, 0xffff, 0xffff, 0xffff, 0xffff, 0xffff, 0xffff, 0xffff, 0xffff, 0xffff, 0xffff, 
	0xffff, 0xffff, 0xffff, 0xffff, 0xffff, 0xffff, 0xffff, 0xffff, 0xffff, 0xffff, 0xffff, 0xffff, 0xffff, 0xffff, 0xffff, 0xffff, 
	0xffff, 0xffff, 0xffff, 0xffff, 0xffff, 0xffff, 0xffff, 0xffff, 0xffff, 0xffff, 0xffff, 0xffff, 0xffff, 0xffff, 0xffff, 0xffff, 
	0xbdd6, 0xffff, 0xffff, 0xffff, 0xffff, 0xffff, 0xffff, 0xffff, 0xffff, 0xffff, 0xffff, 0xffff, 0xffff, 0xffff, 0xffff, 0xffff, 
	0xffff, 0xffff, 0xffff, 0xffff, 0xffff, 0xffff, 0xffff, 0xffff, 0xffff, 0xffff, 0xffff, 0xffff, 0xffff, 0xffff, 0xffff, 0xffff, 
	0xffff, 0xffff, 0xffff, 0xffff, 0xffff, 0xffff, 0xffff, 0xffff, 0xffff, 0xffff, 0xffff, 0xffff, 0xffff, 0xffff, 0xffff, 0xffff, 
	0x73ad, 0xffff, 0xffff, 0xffff, 0xffff, 0xffff, 0xffff, 0xffff, 0xffff, 0xffff, 0xffff, 0xffff, 0xffff, 0xffff, 0xffff, 0xffff, 
	0xffff, 0xffff, 0xffff, 0xffff, 0xffff, 0xffff, 0xffff, 0xffff, 0xffff, 0xffff, 0xffff, 0xffff, 0xffff, 0xffff, 0xffff, 0xffff, 
	0xffff, 0xffff, 0xffff, 0xffff, 0xffff, 0xffff, 0xffff, 0xffff, 0xffff, 0xffff, 0xffff, 0xffff, 0xffff, 0xffff, 0xffff, 0xffff, 
	0x3a26, 0xb5d6, 0xffff, 0xffff, 0xffff, 0xffff, 0xffff, 0xffff, 0xffff, 0xffff, 0xffff, 0xffff, 0xffff, 0xffff, 0xffff, 0xffff, 
	0xffff, 0xffff, 0xffff, 0xffff, 0xffff, 0xffff, 0xffff, 0xffff, 0xffff, 0xffff, 0xffff, 0xffff, 0xffff, 0xffff, 0xffff, 0xffff, 
	0xffff, 0xffff, 0xffff, 0xffff, 0xffff, 0xffff, 0xffff, 0xffff, 0xffff, 0xffff, 0xffff, 0xffff, 0xffff, 0xffff, 0xffff, 0xbe17
};

// Array of all bitmaps for convenience. (Total bytes used to store images = 2320)
const int logo_allArray_LEN = 1;
const uint16_t* logo_allArray[1] = {
	logo_wdr3
};

// WDR 4
// 'wdr4', 48x48px
const uint16_t logo_wdr4 [] = {
	0xef7d, 0xffff, 0xffff, 0xffff, 0xffff, 0xffff, 0xffff, 0xffff, 0xffff, 0xffff, 0xffff, 0xffff, 0xffff, 0xffff, 0xffff, 0xffff, 
	0xffff, 0xffff, 0xffff, 0xffff, 0xffff, 0xffff, 0xffff, 0xffff, 0xffff, 0xffff, 0xffff, 0xffff, 0xffff, 0xffff, 0xffff, 0xffff, 
	0xffff, 0xffff, 0xffff, 0xffff, 0xffff, 0xffff, 0xffff, 0xffff, 0xffff, 0xffff, 0xffff, 0xffff, 0xffff, 0xffff, 0xffff, 0xc638, 
	0xffff, 0xffff, 0xffff, 0xffff, 0xffff, 0xffff, 0xffff, 0xffff, 0xffff, 0xffff, 0xffff, 0xffff, 0xffff, 0xffff, 0xffff, 0xffff, 
	0xffff, 0xffff, 0xffff, 0xffff, 0xffff, 0xffff, 0xffff, 0xffff, 0xffff, 0xffff, 0xffff, 0xffff, 0xffff, 0xffff, 0xffff, 0xffff, 
	0xffff, 0xffff, 0xffff, 0xffff, 0xffff, 0xffff, 0xffff, 0xffff, 0xffff, 0xffff, 0xffff, 0xffff, 0xffff, 0xffff, 0xffff, 0xffdf, 
	0xffff, 0xffff, 0xffff, 0xffff, 0xffff, 0xffff, 0xffff, 0xffff, 0xffff, 0xffff, 0xffff, 0xffff, 0xffff, 0xffff, 0xffff, 0xffff, 
	0xffff, 0xffff, 0xffff, 0xffff, 0xffff, 0xffff, 0xffff, 0xffff, 0xffff, 0xffff, 0xffff, 0xffff, 0xffff, 0xffff, 0xffff, 0xffff, 
	0xffff, 0xffff, 0xffff, 0xffff, 0xffff, 0xffff, 0xffff, 0xffff, 0xffff, 0xffff, 0xffff, 0xffff, 0xffff, 0xffff, 0xffff, 0xffff, 
	0xffff, 0xffff, 0xffff, 0xffff, 0xffff, 0xffff, 0xffff, 0xffff, 0xffff, 0xffff, 0xffff, 0xffff, 0xffff, 0xffff, 0xffff, 0xffff, 
	0xffff, 0xffff, 0xffff, 0xffff, 0xffff, 0xffff, 0xffff, 0xffff, 0xffff, 0xffff, 0xffff, 0xffff, 0xffff, 0xffff, 0xffff, 0xffff, 
	0xffff, 0xffff, 0xffff, 0xffff, 0xffff, 0xffff, 0xffff, 0xffff, 0xffff, 0xffff, 0xffff, 0xffff, 0xffff, 0xffff, 0xffff, 0xffff, 
	0xffff, 0xffff, 0xffff, 0xffff, 0xffff, 0xffff, 0xffff, 0xffff, 0xffff, 0xffff, 0xffff, 0xffff, 0xffff, 0xffff, 0xffff, 0xffff, 
	0xffff, 0xffff, 0xffff, 0xffff, 0xffff, 0xffff, 0xffff, 0xffff, 0xffff, 0xffff, 0xffff, 0xffff, 0xffff, 0xffff, 0xffff, 0xffff, 
	0xffff, 0xffff, 0xffff, 0xffff, 0xffff, 0xffff, 0xffff, 0xffff, 0xffff, 0xffff, 0xffff, 0xffff, 0xffff, 0xffff, 0xffff, 0xffff, 
	0xffff, 0xffff, 0xffff, 0xffff, 0xffff, 0xffff, 0xffff, 0xffff, 0xffff, 0xffff, 0xffff, 0xffff, 0xffff, 0xffff, 0xffff, 0xffff, 
	0xffff, 0xffff, 0xffff, 0xffff, 0xffff, 0xffff, 0xffff, 0xffff, 0xffff, 0xffff, 0xffff, 0xffff, 0xffff, 0xffff, 0xffff, 0xffff, 
	0xffff, 0xffff, 0xffff, 0xffff, 0xffff, 0xffff, 0xffff, 0xffff, 0xffff, 0xffff, 0xffff, 0xffff, 0xffff, 0xffff, 0xffff, 0xffff, 
	0xffff, 0xffff, 0xffff, 0xffff, 0xffff, 0xffff, 0xffff, 0xffff, 0xffff, 0xffff, 0xffff, 0xffff, 0xffff, 0xffff, 0xffff, 0xffff, 
	0xffff, 0xffff, 0xffff, 0xffff, 0xffff, 0xffff, 0xffff, 0xffff, 0xffff, 0xffff, 0xffff, 0xffff, 0xffff, 0xffff, 0xffff, 0xffff, 
	0xffff, 0xffff, 0xffff, 0xffff, 0xffff, 0xffff, 0xffff, 0xffff, 0xffff, 0xffff, 0xffff, 0xffff, 0xffff, 0xffff, 0xffff, 0xffff, 
	0xffff, 0xffff, 0xffff, 0xffff, 0xffff, 0xffff, 0xffff, 0xffff, 0xffff, 0xffff, 0xffff, 0xffff, 0xffff, 0xffff, 0xffff, 0xffff, 
	0xffff, 0xffff, 0xffff, 0xffff, 0xffff, 0xffff, 0xffff, 0xffff, 0xffff, 0xffff, 0xffff, 0xffff, 0xffff, 0xffff, 0xffff, 0xffff, 
	0xffff, 0xffff, 0xffff, 0xffff, 0xffff, 0xffff, 0xffff, 0xffff, 0xffff, 0xffff, 0xffff, 0xffff, 0xffff, 0xffff, 0xffff, 0xffff, 
	0xffff, 0xffff, 0xffff, 0xffff, 0xffff, 0xffff, 0xffff, 0xffff, 0xffff, 0xffff, 0xffff, 0xffff, 0xffff, 0xffff, 0xffff, 0xffff, 
	0xffff, 0xffff, 0xffff, 0xffff, 0xffff, 0xffff, 0xffff, 0xffff, 0xffff, 0xffff, 0xffff, 0xffff, 0xffff, 0xffff, 0xffff, 0xffff, 
	0xffff, 0xffff, 0xffff, 0xffff, 0xffff, 0xffff, 0xffff, 0xffff, 0xffff, 0xffff, 0xffff, 0xffff, 0xffff, 0xffff, 0xffff, 0xffff, 
	0xffff, 0xffff, 0xffff, 0xffff, 0xffff, 0xffff, 0xffff, 0xffff, 0xffff, 0xffff, 0xffff, 0xffff, 0xffff, 0xffff, 0xffff, 0xffff, 
	0xffff, 0xffff, 0xffff, 0xffff, 0xffff, 0xffff, 0xffff, 0xffff, 0xffff, 0xffff, 0xffff, 0xffff, 0xffff, 0xffff, 0xffff, 0xffff, 
	0xffff, 0xffff, 0xffff, 0xffff, 0xffff, 0xffff, 0xffff, 0xffff, 0xffff, 0xffff, 0xffff, 0xffff, 0xffff, 0xffff, 0xffff, 0xffff, 
	0xffff, 0xffff, 0xffff, 0xffff, 0xffff, 0xffff, 0xffff, 0xffff, 0xffff, 0xffff, 0xffff, 0xffff, 0xffff, 0xffff, 0xffff, 0xffff, 
	0xffff, 0xffff, 0xffff, 0xffff, 0xffff, 0xffff, 0xffff, 0xffff, 0xffff, 0xffff, 0xffff, 0xffff, 0xffff, 0xffff, 0xffff, 0xffff, 
	0xffff, 0xffff, 0xffff, 0xffff, 0xffff, 0xffff, 0xffff, 0xffff, 0xffff, 0xffff, 0xffff, 0xffff, 0xffff, 0xffff, 0xffff, 0xffff, 
	0xffff, 0xffff, 0xffff, 0xffff, 0xffff, 0xffff, 0xffff, 0xffff, 0xffff, 0xffff, 0xffff, 0xffff, 0xffff, 0xffff, 0xffff, 0xffff, 
	0xffff, 0xffff, 0xffff, 0xffff, 0xffff, 0xffff, 0xffff, 0xffff, 0xffff, 0xffff, 0xffff, 0xffff, 0xffff, 0xffff, 0xffff, 0xffff, 
	0xffff, 0xffff, 0xffff, 0xffff, 0xffff, 0xffff, 0xffff, 0xffff, 0xffff, 0xffff, 0xffff, 0xffff, 0xffff, 0xffff, 0xffff, 0xffff, 
	0xffff, 0xffff, 0xffff, 0xffff, 0xffff, 0xffff, 0xffff, 0xffff, 0xffff, 0xffff, 0xffff, 0xffff, 0xffff, 0xffff, 0xffff, 0xffff, 
	0xffff, 0xffff, 0xffff, 0xffff, 0xffff, 0xffff, 0xffff, 0xffff, 0xffff, 0xffff, 0xffff, 0xffff, 0xffff, 0xffff, 0xffff, 0xffff, 
	0xffff, 0xffff, 0xffff, 0xffff, 0xffff, 0xffff, 0xffff, 0xffff, 0xffff, 0xffff, 0xffff, 0xffff, 0xffff, 0xffff, 0xffff, 0xffff, 
	0xffff, 0xffff, 0xffff, 0xffff, 0xffff, 0xffff, 0xffff, 0xffff, 0xffff, 0xffff, 0xffff, 0xffff, 0xffff, 0xffff, 0xffff, 0xffff, 
	0xffff, 0xffff, 0xffff, 0xffff, 0xffff, 0xffff, 0xffff, 0xffff, 0xffff, 0xffff, 0xffff, 0xffff, 0xffff, 0xffff, 0xffff, 0xffff, 
	0xffff, 0xffff, 0xffff, 0xffff, 0xffde, 0xff79, 0xff79, 0xff79, 0xff79, 0xff79, 0xff79, 0xff79, 0xff79, 0xffbb, 0xffff, 0xffff, 
	0xffff, 0xffff, 0xffff, 0xffff, 0xffff, 0xffff, 0xffff, 0xffff, 0xffff, 0xffff, 0xffff, 0xffff, 0xffff, 0xffff, 0xffff, 0xffff, 
	0xffff, 0xffff, 0xffff, 0xffff, 0xffff, 0xffff, 0xffff, 0xffff, 0xffff, 0xffff, 0xffff, 0xffff, 0xffff, 0xffff, 0xffff, 0xffff, 
	0xffff, 0xffff, 0xffff, 0xffff, 0xfef5, 0xfd01, 0xfce0, 0xfce0, 0xfce0, 0xfce0, 0xfce0, 0xfce0, 0xfce0, 0xfe2f, 0xfffe, 0xffff, 
	0xffff, 0xffff, 0xffff, 0xffff, 0xffff, 0xffff, 0xffff, 0xffff, 0xffff, 0xffff, 0xffff, 0xffff, 0xffff, 0xffff, 0xffff, 0xffff, 
	0xffff, 0xffff, 0xffff, 0xffff, 0xffff, 0xffff, 0xffff, 0xffff, 0xffff, 0xffff, 0xffff, 0xffff, 0xffff, 0xffff, 0xffff, 0xffff, 
	0xffff, 0xffff, 0xffff, 0xffff, 0xfe4f, 0xfce0, 0xfce0, 0xfce0, 0xfce0, 0xfce0, 0xfce0, 0xfce0, 0xfcc0, 0xfed4, 0xffff, 0xffff, 
	0xffff, 0xffff, 0xffff, 0xffff, 0xffff, 0xffff, 0xffff, 0xffff, 0xffff, 0xffff, 0xffff, 0xffff, 0xffff, 0xffff, 0xffff, 0xffff, 
	0xffff, 0xffff, 0xffff, 0xffff, 0xffff, 0xffff, 0xffff, 0xffff, 0xffff, 0xffff, 0xffff, 0xffff, 0xffff, 0xffff, 0xffff, 0xffff, 
	0xffff, 0xffff, 0xffff, 0xffdd, 0xfda8, 0xfce0, 0xfce0, 0xfcc0, 0xfcc0, 0xfce0, 0xfce0, 0xfce0, 0xfd00, 0xff79, 0xffff, 0xffff, 
	0xffff, 0xf7df, 0x9d77, 0x84b5, 0x8cf5, 0xef7e, 0xf7bf, 0x9d57, 0x7c94, 0x7c94, 0xb5f9, 0xffdf, 0xdf1d, 0x7c95, 0x7c94, 0x7c94, 
	0x7c94, 0x7c94, 0x7c94, 0x84d5, 0xa5b8, 0xdf1d, 0xffdf, 0xef9e, 0x84d5, 0x84b5, 0x84b5, 0x84b5, 0x84d5, 0xa598, 0xdf3d, 0xffff, 
	0xffff, 0xffff, 0xffff, 0xff9a, 0xfd01, 0xfcc0, 0xfd00, 0xfe2d, 0xfe0c, 0xfce0, 0xfce0, 0xfce0, 0xfd87, 0xffdd, 0xffff, 0xffff, 
	0xffff, 0xf7df, 0x63d2, 0x098b, 0x11eb, 0xc67a, 0xe75e, 0x3aae, 0x09ab, 0x09ab, 0x5b91, 0xef9e, 0x9d78, 0x09ab, 0x09ab, 0x09ab, 
	0x09ab, 0x09ab, 0x09ab, 0x09ab, 0x11cb, 0x432f, 0xadf9, 0xd71d, 0x11cb, 0x09ab, 0x09ab, 0x09ab, 0x09ab, 0x11cb, 0x5370, 0xd6fc, 
	0xffff, 0xffff, 0xffff, 0xff16, 0xfce0, 0xfce0, 0xfdec, 0xffdc, 0xff57, 0xfd21, 0xfce0, 0xfce0, 0xfe2d, 0xfffe, 0xffff, 0xffff, 
	0xffff, 0xffff, 0x9d57, 0x09ab, 0x09cb, 0x9537, 0xcebc, 0x1a0c, 0x09cc, 0x09ab, 0x328e, 0xe75e, 0x7453, 0x09ab, 0x09cc, 0x1a4d, 
	0x09ab, 0x11ec, 0x4b50, 0x3aef, 0x11ec, 0x09cb, 0x1a0c, 0x8d37, 0x11ec, 0x09ab, 0x32ae, 0x63f2, 0x4b50, 0x11cc, 0x09cb, 0x5bd1, 
	0xf7bf, 0xffff, 0xfffe, 0xfe4f, 0xfcc0, 0xfd87, 0xff79, 0xfffe, 0xff78, 0xfd21, 0xfce0, 0xfce0, 0xfed3, 0xffff, 0xffff, 0xffff, 
	0xffff, 0xffff, 0xcebb, 0x11ec, 0x09cb, 0x6c13, 0xa5b9, 0x11cb, 0x09cc, 0x09cc, 0x19ec, 0xbe5b, 0x4330, 0x09cb, 0x1a4d, 0x4330, 
	0x09ab, 0x224d, 0xdf5e, 0xef9e, 0x9d98, 0x09cb, 0x09cb, 0x2a8e, 0x11ec, 0x09ab, 0x7454, 0xffff, 0xe75e, 0x3aef, 0x09ab, 0x3acf, 
	0xe77e, 0xffff, 0xffdc, 0xfda9, 0xfd21, 0xff36, 0xff37, 0xff9b, 0xff78, 0xfd21, 0xfce0, 0xfd21, 0xff58, 0xffff, 0xffff, 0xffff, 
	0xffff, 0xffff, 0xef9e, 0x328e, 0x09ac, 0x3aef, 0x7cb5, 0x09ab, 0x2a8e, 0x224d, 0x09cb, 0x8d37, 0x224d, 0x09ab, 0x4b51, 0x53b2, 
	0x09ab, 0x224d, 0xef7e, 0xffff, 0xf7bf, 0x32ae, 0x09cc, 0x09cc, 0x09cc, 0x09ab, 0x5bb2, 0xc67b, 0xa5b8, 0x224d, 0x09cb, 0x5bd1, 
	0xf7bf, 0xffff, 0xff79, 0xfd23, 0xfe91, 0xffdc, 0xf672, 0xff9b, 0xff9a, 0xfda9, 0xfce0, 0xfda9, 0xffbc, 0xffff, 0xffff, 0xffff, 
	0xffff, 0xffff, 0xffff, 0x5bd2, 0x09ab, 0x1a2d, 0x4310, 0x09ab, 0x6413, 0x5391, 0x09ab, 0x4b71, 0x11cc, 0x09ab, 0x7cb5, 0x5bb1, 
	0x09cb, 0x224d, 0xef7e, 0xffff, 0xf7df, 0x430f, 0x09ab, 0x09cc, 0x09cc, 0x09cc, 0x09cc, 0x11ec, 0x11cc, 0x09cb, 0x4b50, 0xd6dc, 
	0xffff, 0xfffe, 0xfeb3, 0xfd00, 0xfef3, 0xff79, 0xff79, 0xfffe, 0xffdd, 0xfe90, 0xfce0, 0xfe70, 0xfffe, 0xffff, 0xffff, 0xffff, 
	0xffff, 0xffff, 0xffff, 0x9536, 0x09ab, 0x09cc, 0x120c, 0x09ab, 0x9536, 0x7c94, 0x09ab, 0x120c, 0x09ac, 0x11cb, 0xadf9, 0x5bb1, 
	0x09cb, 0x224d, 0xef7e, 0xffff, 0xef9e, 0x2a8e, 0x09cb, 0x09cc, 0x09cc, 0x09ab, 0x1a2d, 0x2a6e, 0x09cb, 0x09cb, 0x9d78, 0xffff, 
	0xffff, 0xffdd, 0xfe0d, 0xfce0, 0xfd42, 0xfd65, 0xfd88, 0xff99, 0xff78, 0xfd65, 0xfd00, 0xff36, 0xffff, 0xffff, 0xffff, 0xffff, 
	0xffff, 0xffff, 0xffff, 0xc69b, 0x11ec, 0x09cc, 0x09cc, 0x11ec, 0xc67b, 0xadd9, 0x11cb, 0x09cc, 0x09ab, 0x2a6d, 0xdf1d, 0x5bb1, 
	0x09cb, 0x1a2d, 0xcebc, 0xcebc, 0x7c94, 0x09cc, 0x09ab, 0x4b51, 0x120c, 0x09ab, 0x6c13, 0xdf3d, 0x5b91, 0x09cb, 0x32ae, 0xd6fc, 
	0xffff, 0xff9a, 0xfd44, 0xfcc0, 0xfce0, 0xfce0, 0xfce0, 0xfd86, 0xfd85, 0xfce0, 0xfd66, 0xffbb, 0xffff, 0xffff, 0xffff, 0xffff, 
	0xffff, 0xffff, 0xffff, 0xe75e, 0x32ae, 0x09ab, 0x09ab, 0x2a8d, 0xdf3d, 0xcedc, 0x1a2c, 0x09ac, 0x09ab, 0x5391, 0xefbf, 0x5bb1, 
	0x09ab, 0x09cc, 0x3acf, 0x328e, 0x11ec, 0x09cb, 0x2a6d, 0xa5d9, 0x120c, 0x09ab, 0x6c33, 0xffff, 0xbe5a, 0x1a4d, 0x09cb, 0x7453, 
	0xf7be, 0xff37, 0xfd00, 0xfce0, 0xfce0, 0xfce0, 0xfce0, 0xfcc0, 0xfce0, 0xfcc0, 0xfdec, 0xfffe, 0xffff, 0xffff, 0xffff, 0xffff, 
	0xffff, 0xffff, 0xffff, 0xf7bf, 0x7453, 0x11cb, 0x11cb, 0x5bb1, 0xf79e, 0xef7e, 0x430f, 0x11cb, 0x11eb, 0x9537, 0xf7df, 0x5bb1, 
	0x11cb, 0x09cb, 0x11cb, 0x11eb, 0x224d, 0x6c13, 0xcebb, 0xdf3d, 0x1a0c, 0x11cb, 0x7433, 0xffff, 0xf7df, 0x7c94, 0x11cb, 0x1a0c, 
	0xb5f8, 0xfe71, 0xfce0, 0xfce0, 0xfce0, 0xfce0, 0xfce0, 0xfce0, 0xfce0, 0xfcc0, 0xfeb3, 0xfffe, 0xffff, 0xffff, 0xffff, 0xffff, 
	0xffff, 0xffff, 0xffff, 0xffff, 0xef7e, 0xcebc, 0xcebc, 0xe73d, 0xffff, 0xffff, 0xdf1d, 0xcebc, 0xcebc, 0xf7be, 0xffff, 0xdf1d, 
	0xcebc, 0xcebc, 0xcebc, 0xd6fc, 0xef7e, 0xffdf, 0xffff, 0xffdf, 0xcebc, 0xcebc, 0xdf3d, 0xffff, 0xffff, 0xefbe, 0xcebb, 0xcebb, 
	0xe71c, 0xfdaa, 0xfce0, 0xfce0, 0xfce0, 0xfce0, 0xfce0, 0xfce0, 0xfce0, 0xfd00, 0xff58, 0xffff, 0xffff, 0xffff, 0xffff, 0xffff, 
	0xffff, 0xffff, 0xffff, 0xffff, 0xffff, 0xffff, 0xffff, 0xffff, 0xffff, 0xffff, 0xffff, 0xffff, 0xffff, 0xffff, 0xffff, 0xffff, 
	0xffff, 0xffff, 0xffff, 0xffff, 0xffff, 0xffff, 0xffff, 0xffff, 0xffff, 0xffff, 0xffff, 0xffff, 0xffff, 0xffff, 0xffff, 0xffff, 
	0xffbc, 0xfd22, 0xfce0, 0xfce0, 0xfce0, 0xfce0, 0xfce0, 0xfce0, 0xfce0, 0xfd44, 0xffbc, 0xffff, 0xffff, 0xffff, 0xffff, 0xffff, 
	0xffff, 0xffff, 0xffff, 0xffff, 0xffff, 0xffff, 0xffff, 0xffff, 0xffff, 0xffff, 0xffff, 0xffff, 0xffff, 0xffff, 0xffff, 0xffff, 
	0xffff, 0xffff, 0xffff, 0xffff, 0xffff, 0xffff, 0xffff, 0xffff, 0xffff, 0xffff, 0xffff, 0xffff, 0xffff, 0xffff, 0xffff, 0xffff, 
	0xff37, 0xfce0, 0xfce0, 0xfce0, 0xfce0, 0xfce0, 0xfce0, 0xfce0, 0xfcc0, 0xfdec, 0xfffe, 0xffff, 0xffff, 0xffff, 0xffff, 0xffff, 
	0xffff, 0xffff, 0xffff, 0xffff, 0xffff, 0xffff, 0xffff, 0xffff, 0xffff, 0xffff, 0xffff, 0xffff, 0xffff, 0xffff, 0xffff, 0xffff, 
	0xffff, 0xffff, 0xffff, 0xffff, 0xffff, 0xffff, 0xffff, 0xffff, 0xffff, 0xffff, 0xffff, 0xffff, 0xffff, 0xffff, 0xffff, 0xfffe, 
	0xfe92, 0xfce0, 0xfce0, 0xfce0, 0xfce0, 0xfce0, 0xfce0, 0xfce0, 0xfce0, 0xfe92, 0xffff, 0xffff, 0xffff, 0xffff, 0xffff, 0xffff, 
	0xffff, 0xffff, 0xffff, 0xffff, 0xffff, 0xffff, 0xffff, 0xffff, 0xffff, 0xffff, 0xffff, 0xffff, 0xffff, 0xffff, 0xffff, 0xffff, 
	0xffff, 0xffff, 0xffff, 0xffff, 0xffff, 0xffff, 0xffff, 0xffff, 0xffff, 0xffff, 0xffff, 0xffff, 0xffff, 0xffff, 0xffff, 0xfffe, 
	0xfeb4, 0xfe0c, 0xfe0c, 0xfdec, 0xfe0c, 0xfe0c, 0xfe0c, 0xfe0c, 0xfe2e, 0xff7a, 0xffff, 0xffff, 0xffff, 0xffff, 0xffff, 0xffff, 
	0xffff, 0xffff, 0xffff, 0xffff, 0xffff, 0xffff, 0xffff, 0xffff, 0xffff, 0xffff, 0xffff, 0xffff, 0xffff, 0xffff, 0xffff, 0xffff, 
	0xffff, 0xffff, 0xffff, 0xffff, 0xffff, 0xffff, 0xffff, 0xffff, 0xffff, 0xffff, 0xffff, 0xffff, 0xffff, 0xffff, 0xffff, 0xffff, 
	0xfffe, 0xfffe, 0xfffe, 0xfffe, 0xfffe, 0xfffe, 0xfffe, 0xfffe, 0xfffe, 0xffff, 0xffff, 0xffff, 0xffff, 0xffff, 0xffff, 0xffff, 
	0xffff, 0xffff, 0xffff, 0xffff, 0xffff, 0xffff, 0xffff, 0xffff, 0xffff, 0xffff, 0xffff, 0xffff, 0xffff, 0xffff, 0xffff, 0xffff, 
	0xffff, 0xffff, 0xffff, 0xffff, 0xffff, 0xffff, 0xffff, 0xffff, 0xffff, 0xffff, 0xffff, 0xffff, 0xffff, 0xffff, 0xffff, 0xffff, 
	0xffff, 0xffff, 0xffff, 0xffff, 0xffff, 0xffff, 0xffff, 0xffff, 0xffff, 0xffff, 0xffff, 0xffff, 0xffff, 0xffff, 0xffff, 0xffff, 
	0xffff, 0xffff, 0xffff, 0xffff, 0xffff, 0xffff, 0xffff, 0xffff, 0xffff, 0xffff, 0xffff, 0xffff, 0xffff, 0xffff, 0xffff, 0xffff, 
	0xffff, 0xffff, 0xffff, 0xffff, 0xffff, 0xffff, 0xffff, 0xffff, 0xffff, 0xffff, 0xffff, 0xffff, 0xffff, 0xffff, 0xffff, 0xffff, 
	0xffff, 0xffff, 0xffff, 0xffff, 0xffff, 0xffff, 0xffff, 0xffff, 0xffff, 0xffff, 0xffff, 0xffff, 0xffff, 0xffff, 0xffff, 0xffff, 
	0xffff, 0xffff, 0xffff, 0xffff, 0xffff, 0xffff, 0xffff, 0xffff, 0xffff, 0xffff, 0xffff, 0xffff, 0xffff, 0xffff, 0xffff, 0xffff, 
	0xffff, 0xffff, 0xffff, 0xffff, 0xffff, 0xffff, 0xffff, 0xffff, 0xffff, 0xffff, 0xffff, 0xffff, 0xffff, 0xffff, 0xffff, 0xffff, 
	0xffff, 0xffff, 0xffff, 0xffff, 0xffff, 0xffff, 0xffff, 0xffff, 0xffff, 0xffff, 0xffff, 0xffff, 0xffff, 0xffff, 0xffff, 0xffff, 
	0xffff, 0xffff, 0xffff, 0xffff, 0xffff, 0xffff, 0xffff, 0xffff, 0xffff, 0xffff, 0xffff, 0xffff, 0xffff, 0xffff, 0xffff, 0xffff, 
	0xffff, 0xffff, 0xffff, 0xffff, 0xffff, 0xffff, 0xffff, 0xffff, 0xffff, 0xffff, 0xffff, 0xffff, 0xffff, 0xffff, 0xffff, 0xffff, 
	0xffff, 0xffff, 0xffff, 0xffff, 0xffff, 0xffff, 0xffff, 0xffff, 0xffff, 0xffff, 0xffff, 0xffff, 0xffff, 0xffff, 0xffff, 0xffff, 
	0xffff, 0xffff, 0xffff, 0xffff, 0xffff, 0xffff, 0xffff, 0xffff, 0xffff, 0xffff, 0xffff, 0xffff, 0xffff, 0xffff, 0xffff, 0xffff, 
	0xffff, 0xffff, 0xffff, 0xffff, 0xffff, 0xffff, 0xffff, 0xffff, 0xffff, 0xffff, 0xffff, 0xffff, 0xffff, 0xffff, 0xffff, 0xffff, 
	0xffff, 0xffff, 0xffff, 0xffff, 0xffff, 0xffff, 0xffff, 0xffff, 0xffff, 0xffff, 0xffff, 0xffff, 0xffff, 0xffff, 0xffff, 0xffff, 
	0xffff, 0xffff, 0xffff, 0xffff, 0xffff, 0xffff, 0xffff, 0xffff, 0xffff, 0xffff, 0xffff, 0xffff, 0xffff, 0xffff, 0xffff, 0xffff, 
	0xffff, 0xffff, 0xffff, 0xffff, 0xffff, 0xffff, 0xffff, 0xffff, 0xffff, 0xffff, 0xffff, 0xffff, 0xffff, 0xffff, 0xffff, 0xffff, 
	0xffff, 0xffff, 0xffff, 0xffff, 0xffff, 0xffff, 0xffff, 0xffff, 0xffff, 0xffff, 0xffff, 0xffff, 0xffff, 0xffff, 0xffff, 0xffff, 
	0xffff, 0xffff, 0xffff, 0xffff, 0xffff, 0xffff, 0xffff, 0xffff, 0xffff, 0xffff, 0xffff, 0xffff, 0xffff, 0xffff, 0xffff, 0xffff, 
	0xffff, 0xffff, 0xffff, 0xffff, 0xffff, 0xffff, 0xffff, 0xffff, 0xffff, 0xffff, 0xffff, 0xffff, 0xffff, 0xffff, 0xffff, 0xffff, 
	0xffff, 0xffff, 0xffff, 0xffff, 0xffff, 0xffff, 0xffff, 0xffff, 0xffff, 0xffff, 0xffff, 0xffff, 0xffff, 0xffff, 0xffff, 0xffff, 
	0xffff, 0xffff, 0xffff, 0xffff, 0xffff, 0xffff, 0xffff, 0xffff, 0xffff, 0xffff, 0xffff, 0xffff, 0xffff, 0xffff, 0xffff, 0xffff, 
	0xffff, 0xffff, 0xffff, 0xffff, 0xffff, 0xffff, 0xffff, 0xffff, 0xffff, 0xffff, 0xffff, 0xffff, 0xffff, 0xffff, 0xffff, 0xffff, 
	0xffff, 0xffff, 0xffff, 0xffff, 0xffff, 0xffff, 0xffff, 0xffff, 0xffff, 0xffff, 0xffff, 0xffff, 0xffff, 0xffff, 0xffff, 0xffff, 
	0xffff, 0xffff, 0xffff, 0xffff, 0xffff, 0xffff, 0xffff, 0xffff, 0xffff, 0xffff, 0xffff, 0xffff, 0xffff, 0xffff, 0xffff, 0xffff, 
	0xffff, 0xffff, 0xffff, 0xffff, 0xffff, 0xffff, 0xffff, 0xffff, 0xffff, 0xffff, 0xffff, 0xffff, 0xffff, 0xffff, 0xffff, 0xffff, 
	0xffff, 0xffff, 0xffff, 0xffff, 0xffff, 0xffff, 0xffff, 0xffff, 0xffff, 0xffff, 0xffff, 0xffff, 0xffff, 0xffff, 0xffff, 0xffff, 
	0xffff, 0xffff, 0xffff, 0xffff, 0xffff, 0xffff, 0xffff, 0xffff, 0xffff, 0xffff, 0xffff, 0xffff, 0xffff, 0xffff, 0xffff, 0xffff, 
	0xffff, 0xffff, 0xffff, 0xffff, 0xffff, 0xffff, 0xffff, 0xffff, 0xffff, 0xffff, 0xffff, 0xffff, 0xffff, 0xffff, 0xffff, 0xffff, 
	0xffff, 0xffff, 0xffff, 0xffff, 0xffff, 0xffff, 0xffff, 0xffff, 0xffff, 0xffff, 0xffff, 0xffff, 0xffff, 0xffff, 0xffff, 0xffff, 
	0xffff, 0xffff, 0xffff, 0xffff, 0xffff, 0xffff, 0xffff, 0xffff, 0xffff, 0xffff, 0xffff, 0xffff, 0xffff, 0xffff, 0xffff, 0xffff, 
	0xffff, 0xffff, 0xffff, 0xffff, 0xffff, 0xffff, 0xffff, 0xffff, 0xffff, 0xffff, 0xffff, 0xffff, 0xffff, 0xffff, 0xffff, 0xffff, 
	0xffff, 0xffff, 0xffff, 0xffff, 0xffff, 0xffff, 0xffff, 0xffff, 0xffff, 0xffff, 0xffff, 0xffff, 0xffff, 0xffff, 0xffff, 0xffff, 
	0xffff, 0xffff, 0xffff, 0xffff, 0xffff, 0xffff, 0xffff, 0xffff, 0xffff, 0xffff, 0xffff, 0xffff, 0xffff, 0xffff, 0xffff, 0xffff, 
	0xffff, 0xffff, 0xffff, 0xffff, 0xffff, 0xffff, 0xffff, 0xffff, 0xffff, 0xffff, 0xffff, 0xffff, 0xffff, 0xffff, 0xffff, 0xffff, 
	0xffff, 0xffff, 0xffff, 0xffff, 0xffff, 0xffff, 0xffff, 0xffff, 0xffff, 0xffff, 0xffff, 0xffff, 0xffff, 0xffff, 0xffff, 0xffff, 
	0xffff, 0xffff, 0xffff, 0xffff, 0xffff, 0xffff, 0xffff, 0xffff, 0xffff, 0xffff, 0xffff, 0xffff, 0xffff, 0xffff, 0xffff, 0xffff, 
	0xffff, 0xffff, 0xffff, 0xffff, 0xffff, 0xffff, 0xffff, 0xffff, 0xffff, 0xffff, 0xffff, 0xffff, 0xffff, 0xffff, 0xffff, 0xffff, 
	0xffff, 0xffff, 0xffff, 0xffff, 0xffff, 0xffff, 0xffff, 0xffff, 0xffff, 0xffff, 0xffff, 0xffff, 0xffff, 0xffff, 0xffff, 0xffff, 
	0xffdf, 0xffff, 0xffff, 0xffff, 0xffff, 0xffff, 0xffff, 0xffff, 0xffff, 0xffff, 0xffff, 0xffff, 0xffff, 0xffff, 0xffff, 0xffff, 
	0xffff, 0xffff, 0xffff, 0xffff, 0xffff, 0xffff, 0xffff, 0xffff, 0xffff, 0xffff, 0xffff, 0xffff, 0xffff, 0xffff, 0xffff, 0xffff, 
	0xffff, 0xffff, 0xffff, 0xffff, 0xffff, 0xffff, 0xffff, 0xffff, 0xffff, 0xffff, 0xffff, 0xffff, 0xffff, 0xffff, 0xffff, 0xdefb, 
	0x94b2, 0xffff, 0xffff, 0xffff, 0xffff, 0xffff, 0xffff, 0xffff, 0xffff, 0xffff, 0xffff, 0xffff, 0xffff, 0xffff, 0xffff, 0xffff, 
	0xffff, 0xffff, 0xffff, 0xffff, 0xffff, 0xffff, 0xffff, 0xffff, 0xffff, 0xffff, 0xffff, 0xffff, 0xffff, 0xffff, 0xffff, 0xffff, 
	0xffff, 0xffff, 0xffff, 0xffff, 0xffff, 0xffff, 0xffff, 0xffff, 0xffff, 0xffff, 0xffff, 0xffff, 0xffff, 0xffff, 0xf7be, 0x6b4d
};

// Array of all bitmaps for convenience. (Total bytes used to store images = 2320)
const int logo_allArray_LEN = 1;
const uint16_t* logo_allArray[1] = {
	logo_wdr4
};

// WDR 5
// 'wdr5', 48x48px
const uint16_t logo_wdr5 [] = {
	0x10a2, 0x8c51, 0xe73c, 0xffff, 0xffff, 0xffff, 0xffff, 0xffff, 0xffff, 0xffff, 0xffff, 0xffff, 0xffff, 0xffff, 0xffff, 0xffff, 
	0xffff, 0xffff, 0xffff, 0xffff, 0xffff, 0xffff, 0xffff, 0xffff, 0xffff, 0xffff, 0xffff, 0xffff, 0xffff, 0xffff, 0xffff, 0xffff, 
	0xffff, 0xffff, 0xffff, 0xffff, 0xffff, 0xffff, 0xffff, 0xffff, 0xffff, 0xffff, 0xffff, 0xffff, 0xffff, 0xffff, 0xf79e, 0x8c71, 
	0x4a69, 0xffdf, 0xffff, 0xffff, 0xffff, 0xffff, 0xffff, 0xffff, 0xffff, 0xffff, 0xffff, 0xffff, 0xffff, 0xffff, 0xffff, 0xffff, 
	0xffff, 0xffff, 0xffff, 0xffff, 0xffff, 0xffff, 0xffff, 0xffff, 0xffff, 0xffff, 0xffff, 0xffff, 0xffff, 0xffff, 0xffff, 0xffff, 
	0xffff, 0xffff, 0xffff, 0xffff, 0xffff, 0xffff, 0xffff, 0xffff, 0xffff, 0xffff, 0xffff, 0xffff, 0xffff, 0xffff, 0xffff, 0xffff, 
	0x6b6d, 0xffff, 0xffff, 0xffff, 0xffff, 0xffff, 0xffff, 0xffff, 0xffff, 0xffff, 0xffff, 0xffff, 0xffff, 0xffff, 0xffff, 0xffff, 
	0xffff, 0xffff, 0xffff, 0xffff, 0xffff, 0xffff, 0xffff, 0xffff, 0xffff, 0xffff, 0xffff, 0xffff, 0xffff, 0xffff, 0xffff, 0xffff, 
	0xffff, 0xffff, 0xffff, 0xffff, 0xffff, 0xffff, 0xffff, 0xffff, 0xffff, 0xffff, 0xffff, 0xffff, 0xffff, 0xffff, 0xffff, 0xffff, 
	0x738e, 0xffff, 0xffff, 0xffff, 0xffff, 0xffff, 0xffff, 0xffff, 0xffff, 0xffff, 0xffff, 0xffff, 0xffff, 0xffff, 0xffff, 0xffff, 
	0xffff, 0xffff, 0xffff, 0xffff, 0xffff, 0xffff, 0xffff, 0xffff, 0xffff, 0xffff, 0xffff, 0xffff, 0xffff, 0xffff, 0xffff, 0xffff, 
	0xffff, 0xffff, 0xffff, 0xffff, 0xffff, 0xffff, 0xffff, 0xffff, 0xffff, 0xffff, 0xffff, 0xffff, 0xffff, 0xffff, 0xffff, 0xffff, 
	0x738e, 0xffff, 0xffff, 0xffff, 0xffff, 0xffff, 0xffff, 0xffff, 0xffff, 0xffff, 0xffff, 0xffff, 0xffff, 0xffff, 0xffff, 0xffff, 
	0xffff, 0xffff, 0xffff, 0xffff, 0xffff, 0xffff, 0xffff, 0xffff, 0xffff, 0xffff, 0xffff, 0xffff, 0xffff, 0xffff, 0xffff, 0xffff, 
	0xffff, 0xffff, 0xffff, 0xffff, 0xffff, 0xffff, 0xffff, 0xffff, 0xffff, 0xffff, 0xffff, 0xffff, 0xffff, 0xffff, 0xffff, 0xffff, 
	0x738e, 0xffff, 0xffff, 0xffff, 0xffff, 0xffff, 0xffff, 0xffff, 0xffff, 0xffff, 0xffff, 0xffff, 0xffff, 0xffff, 0xffff, 0xffff, 
	0xffff, 0xffff, 0xffff, 0xffff, 0xffff, 0xffff, 0xffff, 0xffff, 0xffff, 0xffff, 0xffff, 0xffff, 0xffff, 0xffff, 0xffff, 0xffff, 
	0xffff, 0xffff, 0xffff, 0xffff, 0xffff, 0xffff, 0xffff, 0xffff, 0xffff, 0xffff, 0xffff, 0xffff, 0xffff, 0xffff, 0xffff, 0xffff, 
	0x738e, 0xffff, 0xffff, 0xffff, 0xffff, 0xffff, 0xffff, 0xffff, 0xffff, 0xffff, 0xffff, 0xffff, 0xffff, 0xffff, 0xffff, 0xffff, 
	0xffff, 0xffff, 0xffff, 0xffff, 0xffff, 0xffff, 0xffff, 0xffff, 0xffff, 0xffff, 0xffff, 0xffff, 0xffff, 0xffff, 0xffff, 0xffff, 
	0xffff, 0xffff, 0xffff, 0xffff, 0xffff, 0xffff, 0xffff, 0xffff, 0xffff, 0xffff, 0xffff, 0xffff, 0xffff, 0xffff, 0xffff, 0xffff, 
	0x738e, 0xffff, 0xffff, 0xffff, 0xffff, 0xffff, 0xffff, 0xffff, 0xffff, 0xffff, 0xffff, 0xffff, 0xffff, 0xffff, 0xffff, 0xffff, 
	0xffff, 0xffff, 0xffff, 0xffff, 0xffff, 0xffff, 0xffff, 0xffff, 0xffff, 0xffff, 0xffff, 0xffff, 0xffff, 0xffff, 0xffff, 0xffff, 
	0xffff, 0xffff, 0xffff, 0xffff, 0xffff, 0xffff, 0xffff, 0xffff, 0xffff, 0xffff, 0xffff, 0xffff, 0xffff, 0xffff, 0xffff, 0xffff, 
	0x738e, 0xffff, 0xffff, 0xffff, 0xffff, 0xffff, 0xffff, 0xffff, 0xffff, 0xffff, 0xffff, 0xffff, 0xffff, 0xffff, 0xffff, 0xffff, 
	0xffff, 0xffff, 0xffff, 0xffff, 0xffff, 0xffff, 0xffff, 0xffff, 0xffff, 0xffff, 0xffff, 0xffff, 0xffff, 0xffff, 0xffff, 0xffff, 
	0xffff, 0xffff, 0xffff, 0xffff, 0xffff, 0xffff, 0xffff, 0xffff, 0xffff, 0xffff, 0xffff, 0xffff, 0xffff, 0xffff, 0xffff, 0xffff, 
	0x738e, 0xffff, 0xffff, 0xffff, 0xffff, 0xffff, 0xffff, 0xffff, 0xffff, 0xffff, 0xffff, 0xffff, 0xffff, 0xffff, 0xffff, 0xffff, 
	0xffff, 0xffff, 0xffff, 0xffff, 0xffff, 0xffff, 0xffff, 0xffff, 0xffff, 0xffff, 0xffff, 0xffff, 0xffff, 0xffff, 0xffff, 0xffff, 
	0xffff, 0xffff, 0xffff, 0xffff, 0xffff, 0xffff, 0xffff, 0xffff, 0xffff, 0xffff, 0xffff, 0xffff, 0xffff, 0xffff, 0xffff, 0xffff, 
	0x738e, 0xffff, 0xffff, 0xffff, 0xffff, 0xffff, 0xffff, 0xffff, 0xffff, 0xffff, 0xffff, 0xffff, 0xffff, 0xffff, 0xffff, 0xffff, 
	0xffff, 0xffff, 0xffff, 0xffff, 0xffff, 0xffff, 0xffff, 0xffff, 0xffff, 0xffff, 0xffff, 0xffff, 0xffff, 0xffff, 0xffff, 0xffff, 
	0xffff, 0xffff, 0xffff, 0xffff, 0xffff, 0xffff, 0xffff, 0xffff, 0xffff, 0xffff, 0xffff, 0xffff, 0xffff, 0xffff, 0xffff, 0xffff, 
	0x738e, 0xffff, 0xffff, 0xffff, 0xffff, 0xffff, 0xffff, 0xffff, 0xffff, 0xffff, 0xffff, 0xffff, 0xffff, 0xffff, 0xffff, 0xffff, 
	0xffff, 0xffff, 0xffff, 0xffff, 0xffff, 0xffff, 0xffff, 0xffff, 0xffff, 0xffff, 0xffff, 0xffff, 0xffff, 0xffff, 0xffff, 0xffff, 
	0xffff, 0xffff, 0xffff, 0xffff, 0xffff, 0xffff, 0xffff, 0xffff, 0xffff, 0xffff, 0xffff, 0xffff, 0xffff, 0xffff, 0xffff, 0xffff, 
	0x738e, 0xffff, 0xffff, 0xffff, 0xffff, 0xffff, 0xffff, 0xffff, 0xffff, 0xffff, 0xffff, 0xffff, 0xffff, 0xffff, 0xffff, 0xffff, 
	0xffff, 0xffff, 0xffff, 0xffff, 0xffff, 0xffff, 0xffff, 0xffff, 0xffff, 0xffff, 0xffff, 0xffff, 0xffff, 0xffff, 0xffff, 0xffff, 
	0xffff, 0xffff, 0xffff, 0xffff, 0xffff, 0xffff, 0xffff, 0xffff, 0xffff, 0xffff, 0xffff, 0xffff, 0xffff, 0xffff, 0xffff, 0xffff, 
	0x738e, 0xffff, 0xffff, 0xffff, 0xffff, 0xffff, 0xffff, 0xffff, 0xffff, 0xffff, 0xffff, 0xffff, 0xffff, 0xffff, 0xffff, 0xffff, 
	0xffff, 0xffff, 0xffff, 0xffff, 0xffff, 0xffff, 0xffff, 0xffff, 0xffff, 0xffff, 0xffff, 0xffff, 0xffff, 0xffff, 0xffff, 0xffff, 
	0xffff, 0xffff, 0xffff, 0xffff, 0xffff, 0xffff, 0xfffe, 0xfffe, 0xfffe, 0xfffe, 0xfffe, 0xfffe, 0xfffe, 0xffff, 0xffff, 0xffff, 
	0x738e, 0xffff, 0xffff, 0xffff, 0xffff, 0xffff, 0xffff, 0xffff, 0xffff, 0xffff, 0xffff, 0xffff, 0xffff, 0xffff, 0xffff, 0xffff, 
	0xffff, 0xffff, 0xffff, 0xffff, 0xffff, 0xffff, 0xffff, 0xffff, 0xffff, 0xffff, 0xffff, 0xffff, 0xffff, 0xffff, 0xffff, 0xffff, 
	0xffff, 0xffff, 0xffff, 0xffff, 0xffff, 0xbef4, 0x8e4c, 0x8e4c, 0x8e4c, 0x8e4c, 0x8e4c, 0x8e4c, 0x8e4c, 0x9e4f, 0xdf9a, 0xffff, 
	0x738e, 0xffff, 0xffff, 0xffff, 0xffff, 0xffff, 0xffff, 0xffff, 0xffff, 0xffff, 0xffff, 0xffff, 0xffff, 0xffff, 0xffff, 0xffff, 
	0xffff, 0xffff, 0xffff, 0xffff, 0xffff, 0xffff, 0xffff, 0xffff, 0xffff, 0xffff, 0xffff, 0xffff, 0xffff, 0xffff, 0xffff, 0xffff, 
	0xffff, 0xffff, 0xffff, 0xffff, 0xf7fe, 0x7dea, 0x5581, 0x5581, 0x5581, 0x5581, 0x5581, 0x5581, 0x5581, 0x7dea, 0xe7bb, 0xffff, 
	0x738e, 0xffff, 0xffff, 0xffff, 0xffff, 0xffff, 0xffff, 0xffff, 0xffff, 0xffff, 0xffff, 0xffff, 0xffff, 0xffff, 0xffff, 0xffff, 
	0xffff, 0xffff, 0xffff, 0xffff, 0xffff, 0xffff, 0xffff, 0xffff, 0xffff, 0xffff, 0xffff, 0xffff, 0xffff, 0xffff, 0xffff, 0xffff, 
	0xffff, 0xffff, 0xffff, 0xffff, 0xefbb, 0x65a5, 0x5d81, 0x5d81, 0x5d81, 0x5d81, 0x5581, 0x5581, 0x5581, 0x9e6f, 0xf7dd, 0xffff, 
	0x738e, 0xffff, 0xf7df, 0xd6fc, 0xd6dc, 0xdf1d, 0xffff, 0xffdf, 0xd6fc, 0xd6dc, 0xd6dc, 0xf7df, 0xffff, 0xef7e, 0xd6dc, 0xd6dc, 
	0xd6dc, 0xd6dc, 0xd6dc, 0xd6dc, 0xdf3d, 0xf7bf, 0xffff, 0xffff, 0xef7e, 0xd6fc, 0xd6fc, 0xd6fc, 0xd6fd, 0xdf3d, 0xf7be, 0xffff, 
	0xffff, 0xffff, 0xffff, 0xffff, 0xc736, 0x5d82, 0x6dc7, 0x75c8, 0x75c8, 0x6dc7, 0x5581, 0x5581, 0x5d62, 0xc736, 0xffff, 0xffff, 
	0x738e, 0xffff, 0xef9e, 0x32ae, 0x1a2c, 0x430f, 0xf7bf, 0xd6fc, 0x2a4d, 0x1a2c, 0x1a0c, 0xc65a, 0xf7df, 0x7c94, 0x1a2c, 0x1a2c, 
	0x1a2c, 0x1a2c, 0x1a2c, 0x1a2c, 0x2a6d, 0x4b50, 0x9537, 0xef9e, 0x8cd5, 0x222d, 0x1a2d, 0x222d, 0x222d, 0x2a6d, 0x4b30, 0xbe3a, 
	0xffff, 0xffff, 0xffff, 0xf7fe, 0xa68f, 0x65a5, 0xcf77, 0xefdc, 0xe7bb, 0xcf56, 0x5d83, 0x5d81, 0x6585, 0xe7bb, 0xffff, 0xffff, 
	0x738e, 0xffff, 0xf7df, 0x4b30, 0x09ab, 0x1a0c, 0xdf3d, 0xb619, 0x09ab, 0x09ab, 0x01ab, 0x9d57, 0xf7bf, 0x4b51, 0x09ab, 0x09cb, 
	0x09cb, 0x09ab, 0x09cb, 0x09cb, 0x09ab, 0x09ab, 0x11ec, 0x84f6, 0x7c94, 0x09ab, 0x09ab, 0x120c, 0x120c, 0x09cb, 0x09ab, 0x42ef, 
	0xe75e, 0xffff, 0xffff, 0xefdc, 0x860a, 0x6da6, 0xe79a, 0xe7bb, 0xa650, 0x964d, 0x5d82, 0x5581, 0x7de9, 0xf7dd, 0xffff, 0xffff, 
	0x738e, 0xffff, 0xffff, 0x84d5, 0x09ab, 0x09ab, 0xb5f9, 0x84d5, 0x09ab, 0x09ab, 0x09ab, 0x6c13, 0xd6fd, 0x2a6d, 0x09ab, 0x2a8e, 
	0x224e, 0x09ab, 0x5bd2, 0xcebc, 0xadd9, 0x3acf, 0x09ab, 0x120c, 0x4330, 0x09ab, 0x11ec, 0xb63a, 0xe75e, 0x9557, 0x09cb, 0x11ec, 
	0xadd9, 0xffff, 0xffff, 0xcf56, 0x65a5, 0x6da7, 0xe7bb, 0xf7dd, 0xbf14, 0x860a, 0x5581, 0x5581, 0xa690, 0xffff, 0xffff, 0xffff, 
	0x738e, 0xffff, 0xffff, 0xbe3a, 0x11ec, 0x09ab, 0x7cb5, 0x5bb2, 0x01ab, 0x224d, 0x11ec, 0x430f, 0x9d98, 0x11ec, 0x09ab, 0x6413, 
	0x3acf, 0x09ab, 0x7453, 0xf7bf, 0xffff, 0xa5b8, 0x09ab, 0x09ab, 0x09cc, 0x09ab, 0x11ec, 0xb63a, 0xe75e, 0x9557, 0x09cb, 0x11ec, 
	0xbe3a, 0xffff, 0xfffe, 0xa690, 0x5d62, 0x65a5, 0xa690, 0xb6d3, 0xefdc, 0xe79a, 0x65a5, 0x5d83, 0xc735, 0xffff, 0xffff, 0xffff, 
	0x738e, 0xffff, 0xffff, 0xe73d, 0x2a6d, 0x09ab, 0x4b51, 0x32af, 0x09ab, 0x6c33, 0x2a6d, 0x224d, 0x6413, 0x09ab, 0x11cc, 0x9578, 
	0x3aef, 0x09ab, 0x7453, 0xf7bf, 0xffff, 0xc67b, 0x11cb, 0x09ab, 0x09ab, 0x01ab, 0x09ab, 0x224d, 0x2a6d, 0x11cb, 0x09ab, 0x4b50, 
	0xef9e, 0xffff, 0xf7dd, 0x860b, 0x5581, 0x5581, 0x5d62, 0x5d65, 0xcf37, 0xf7fd, 0x75c8, 0x6da6, 0xdf9a, 0xffff, 0xffff, 0xffff, 
	0x738e, 0xffff, 0xffff, 0xf7bf, 0x5371, 0x09ab, 0x120c, 0x11ec, 0x11cb, 0xb619, 0x5370, 0x09cb, 0x1a2d, 0x09ab, 0x2a6d, 0xc69c, 
	0x3aef, 0x09ab, 0x7453, 0xf7bf, 0xffff, 0xb619, 0x09ab, 0x09ab, 0x09cb, 0x01ab, 0x09ab, 0x120c, 0x09cb, 0x09ab, 0x328e, 0xdf1d, 
	0xffff, 0xffff, 0xe79a, 0x6da6, 0x5581, 0x75c8, 0xcf56, 0xd778, 0xf7fd, 0xc736, 0x5d83, 0x860a, 0xf7fd, 0xffff, 0xffff, 0xffff, 
	0x738e, 0xffff, 0xffff, 0xffff, 0x8cf6, 0x018b, 0x09ab, 0x09ab, 0x2a6d, 0xdf3d, 0x7c94, 0x09ab, 0x01ab, 0x09ab, 0x5371, 0xe75e, 
	0x3aef, 0x09ab, 0x6c33, 0xef9e, 0xe73d, 0x5bb2, 0x09ab, 0x09cb, 0x3aef, 0x09ab, 0x11cc, 0x9557, 0x84f6, 0x1a0c, 0x09cb, 0x9d77, 
	0xffff, 0xffff, 0xc735, 0x5d83, 0x5581, 0x6dc7, 0xaed2, 0xb6f3, 0x9e6f, 0x6da6, 0x5581, 0xa690, 0xffff, 0xffff, 0xffff, 0xffff, 
	0x738e, 0xffff, 0xffff, 0xffff, 0xc67b, 0x09ab, 0x09ab, 0x09ab, 0x5bb1, 0xffff, 0xb619, 0x09ab, 0x09ab, 0x09ab, 0x8cf6, 0xef9e, 
	0x3aef, 0x09ab, 0x224d, 0x430f, 0x2a6d, 0x09ab, 0x09ab, 0x430f, 0x84d5, 0x09ab, 0x11ec, 0xb63a, 0xef9e, 0x7474, 0x09ab, 0x2a8d, 
	0xd6fd, 0xffff, 0xa68f, 0x5581, 0x5581, 0x5581, 0x5561, 0x5561, 0x5581, 0x5581, 0x5d82, 0xcf56, 0xffff, 0xffff, 0xffff, 0xffff, 
	0x738e, 0xffff, 0xffff, 0xffff, 0xe75e, 0x328e, 0x09ab, 0x09ab, 0x9537, 0xffff, 0xdefd, 0x1a0c, 0x09ab, 0x11cb, 0xbe5a, 0xef9e, 
	0x3aef, 0x09ab, 0x09ab, 0x09ab, 0x09cb, 0x1a2c, 0x5370, 0xcedc, 0x9d57, 0x09ab, 0x11cb, 0xbe3a, 0xffff, 0xd6dc, 0x2a6d, 0x09ab, 
	0x63d1, 0xe79d, 0x7dea, 0x5581, 0x5581, 0x5581, 0x5581, 0x5581, 0x5581, 0x5581, 0x6da7, 0xe7bb, 0xffff, 0xffff, 0xffff, 0xffff, 
	0x738e, 0xffff, 0xffff, 0xffff, 0xffdf, 0xb619, 0x9537, 0x9537, 0xe75d, 0xffff, 0xffdf, 0xa597, 0x9537, 0x9d57, 0xef9e, 0xf7df, 
	0xadb8, 0x9537, 0x9537, 0x9537, 0xadb8, 0xcebb, 0xf7bf, 0xffff, 0xd6dc, 0x9537, 0x9d57, 0xe73d, 0xffff, 0xffff, 0xb619, 0x9516, 
	0x9536, 0xcef8, 0x6585, 0x5581, 0x5581, 0x5581, 0x5581, 0x5581, 0x5581, 0x5581, 0x964d, 0xfffe, 0xffff, 0xffff, 0xffff, 0xffff, 
	0x738e, 0xffff, 0xffff, 0xffff, 0xffff, 0xffff, 0xffff, 0xffff, 0xffff, 0xffff, 0xffff, 0xffff, 0xffff, 0xffff, 0xffff, 0xffff, 
	0xffff, 0xffff, 0xffff, 0xffff, 0xffff, 0xffff, 0xffff, 0xffff, 0xffff, 0xffff, 0xffff, 0xffff, 0xffff, 0xffff, 0xffff, 0xffff, 
	0xffff, 0xbf15, 0x5581, 0x5581, 0x5581, 0x5581, 0x5581, 0x5581, 0x5581, 0x5d62, 0xbf15, 0xffff, 0xffff, 0xffff, 0xffff, 0xffff, 
	0x738e, 0xffff, 0xffff, 0xffff, 0xffff, 0xffff, 0xffff, 0xffff, 0xffff, 0xffff, 0xffff, 0xffff, 0xffff, 0xffff, 0xffff, 0xffff, 
	0xffff, 0xffff, 0xffff, 0xffff, 0xffff, 0xffff, 0xffff, 0xffff, 0xffff, 0xffff, 0xffff, 0xffff, 0xffff, 0xffff, 0xffff, 0xffff, 
	0xfffe, 0x9e6f, 0x5581, 0x5581, 0x5581, 0x5581, 0x5581, 0x5581, 0x5581, 0x6585, 0xe79a, 0xffff, 0xffff, 0xffff, 0xffff, 0xffff, 
	0x738e, 0xffff, 0xffff, 0xffff, 0xffff, 0xffff, 0xffff, 0xffff, 0xffff, 0xffff, 0xffff, 0xffff, 0xffff, 0xffff, 0xffff, 0xffff, 
	0xffff, 0xffff, 0xffff, 0xffff, 0xffff, 0xffff, 0xffff, 0xffff, 0xffff, 0xffff, 0xffff, 0xffff, 0xffff, 0xffff, 0xffff, 0xffff, 
	0xf7dd, 0x7dea, 0x5581, 0x5581, 0x5581, 0x5581, 0x5581, 0x5581, 0x5581, 0x7de9, 0xf7fd, 0xffff, 0xffff, 0xffff, 0xffff, 0xffff, 
	0x738e, 0xffff, 0xffff, 0xffff, 0xffff, 0xffff, 0xffff, 0xffff, 0xffff, 0xffff, 0xffff, 0xffff, 0xffff, 0xffff, 0xffff, 0xffff, 
	0xffff, 0xffff, 0xffff, 0xffff, 0xffff, 0xffff, 0xffff, 0xffff, 0xffff, 0xffff, 0xffff, 0xffff, 0xffff, 0xffff, 0xffff, 0xffff, 
	0xefbc, 0xa670, 0x9e6e, 0x9e6e, 0x9e6e, 0x9e6f, 0x9e6f, 0x9e6f, 0x9e6f, 0xc6f5, 0xffff, 0xffff, 0xffff, 0xffff, 0xffff, 0xffff, 
	0x738e, 0xffff, 0xffff, 0xffff, 0xffff, 0xffff, 0xffff, 0xffff, 0xffff, 0xffff, 0xffff, 0xffff, 0xffff, 0xffff, 0xffff, 0xffff, 
	0xffff, 0xffff, 0xffff, 0xffff, 0xffff, 0xffff, 0xffff, 0xffff, 0xffff, 0xffff, 0xffff, 0xffff, 0xffff, 0xffff, 0xffff, 0xffff, 
	0xffff, 0xfffe, 0xfffe, 0xfffe, 0xfffe, 0xfffe, 0xfffe, 0xfffe, 0xfffe, 0xffff, 0xffff, 0xffff, 0xffff, 0xffff, 0xffff, 0xffff, 
	0x738e, 0xffff, 0xffff, 0xffff, 0xffff, 0xffff, 0xffff, 0xffff, 0xffff, 0xffff, 0xffff, 0xffff, 0xffff, 0xffff, 0xffff, 0xffff, 
	0xffff, 0xffff, 0xffff, 0xffff, 0xffff, 0xffff, 0xffff, 0xffff, 0xffff, 0xffff, 0xffff, 0xffff, 0xffff, 0xffff, 0xffff, 0xffff, 
	0xffff, 0xffff, 0xffff, 0xffff, 0xffff, 0xffff, 0xffff, 0xffff, 0xffff, 0xffff, 0xffff, 0xffff, 0xffff, 0xffff, 0xffff, 0xffff, 
	0x738e, 0xffff, 0xffff, 0xffff, 0xffff, 0xffff, 0xffff, 0xffff, 0xffff, 0xffff, 0xffff, 0xffff, 0xffff, 0xffff, 0xffff, 0xffff, 
	0xffff, 0xffff, 0xffff, 0xffff, 0xffff, 0xffff, 0xffff, 0xffff, 0xffff, 0xffff, 0xffff, 0xffff, 0xffff, 0xffff, 0xffff, 0xffff, 
	0xffff, 0xffff, 0xffff, 0xffff, 0xffff, 0xffff, 0xffff, 0xffff, 0xffff, 0xffff, 0xffff, 0xffff, 0xffff, 0xffff, 0xffff, 0xffff, 
	0x738e, 0xffff, 0xffff, 0xffff, 0xffff, 0xffff, 0xffff, 0xffff, 0xffff, 0xffff, 0xffff, 0xffff, 0xffff, 0xffff, 0xffff, 0xffff, 
	0xffff, 0xffff, 0xffff, 0xffff, 0xffff, 0xffff, 0xffff, 0xffff, 0xffff, 0xffff, 0xffff, 0xffff, 0xffff, 0xffff, 0xffff, 0xffff, 
	0xffff, 0xffff, 0xffff, 0xffff, 0xffff, 0xffff, 0xffff, 0xffff, 0xffff, 0xffff, 0xffff, 0xffff, 0xffff, 0xffff, 0xffff, 0xffff, 
	0x738e, 0xffff, 0xffff, 0xffff, 0xffff, 0xffff, 0xffff, 0xffff, 0xffff, 0xffff, 0xffff, 0xffff, 0xffff, 0xffff, 0xffff, 0xffff, 
	0xffff, 0xffff, 0xffff, 0xffff, 0xffff, 0xffff, 0xffff, 0xffff, 0xffff, 0xffff, 0xffff, 0xffff, 0xffff, 0xffff, 0xffff, 0xffff, 
	0xffff, 0xffff, 0xffff, 0xffff, 0xffff, 0xffff, 0xffff, 0xffff, 0xffff, 0xffff, 0xffff, 0xffff, 0xffff, 0xffff, 0xffff, 0xffff, 
	0x738e, 0xffff, 0xffff, 0xffff, 0xffff, 0xffff, 0xffff, 0xffff, 0xffff, 0xffff, 0xffff, 0xffff, 0xffff, 0xffff, 0xffff, 0xffff, 
	0xffff, 0xffff, 0xffff, 0xffff, 0xffff, 0xffff, 0xffff, 0xffff, 0xffff, 0xffff, 0xffff, 0xffff, 0xffff, 0xffff, 0xffff, 0xffff, 
	0xffff, 0xffff, 0xffff, 0xffff, 0xffff, 0xffff, 0xffff, 0xffff, 0xffff, 0xffff, 0xffff, 0xffff, 0xffff, 0xffff, 0xffff, 0xffff, 
	0x738e, 0xffff, 0xffff, 0xffff, 0xffff, 0xffff, 0xffff, 0xffff, 0xffff, 0xffff, 0xffff, 0xffff, 0xffff, 0xffff, 0xffff, 0xffff, 
	0xffff, 0xffff, 0xffff, 0xffff, 0xffff, 0xffff, 0xffff, 0xffff, 0xffff, 0xffff, 0xffff, 0xffff, 0xffff, 0xffff, 0xffff, 0xffff, 
	0xffff, 0xffff, 0xffff, 0xffff, 0xffff, 0xffff, 0xffff, 0xffff, 0xffff, 0xffff, 0xffff, 0xffff, 0xffff, 0xffff, 0xffff, 0xffff, 
	0x738e, 0xffff, 0xffff, 0xffff, 0xffff, 0xffff, 0xffff, 0xffff, 0xffff, 0xffff, 0xffff, 0xffff, 0xffff, 0xffff, 0xffff, 0xffff, 
	0xffff, 0xffff, 0xffff, 0xffff, 0xffff, 0xffff, 0xffff, 0xffff, 0xffff, 0xffff, 0xffff, 0xffff, 0xffff, 0xffff, 0xffff, 0xffff, 
	0xffff, 0xffff, 0xffff, 0xffff, 0xffff, 0xffff, 0xffff, 0xffff, 0xffff, 0xffff, 0xffff, 0xffff, 0xffff, 0xffff, 0xffff, 0xffff, 
	0x738e, 0xffff, 0xffff, 0xffff, 0xffff, 0xffff, 0xffff, 0xffff, 0xffff, 0xffff, 0xffff, 0xffff, 0xffff, 0xffff, 0xffff, 0xffff, 
	0xffff, 0xffff, 0xffff, 0xffff, 0xffff, 0xffff, 0xffff, 0xffff, 0xffff, 0xffff, 0xffff, 0xffff, 0xffff, 0xffff, 0xffff, 0xffff, 
	0xffff, 0xffff, 0xffff, 0xffff, 0xffff, 0xffff, 0xffff, 0xffff, 0xffff, 0xffff, 0xffff, 0xffff, 0xffff, 0xffff, 0xffff, 0xffff, 
	0x738e, 0xffff, 0xffff, 0xffff, 0xffff, 0xffff, 0xffff, 0xffff, 0xffff, 0xffff, 0xffff, 0xffff, 0xffff, 0xffff, 0xffff, 0xffff, 
	0xffff, 0xffff, 0xffff, 0xffff, 0xffff, 0xffff, 0xffff, 0xffff, 0xffff, 0xffff, 0xffff, 0xffff, 0xffff, 0xffff, 0xffff, 0xffff, 
	0xffff, 0xffff, 0xffff, 0xffff, 0xffff, 0xffff, 0xffff, 0xffff, 0xffff, 0xffff, 0xffff, 0xffff, 0xffff, 0xffff, 0xffff, 0xffff, 
	0x738e, 0xffff, 0xffff, 0xffff, 0xffff, 0xffff, 0xffff, 0xffff, 0xffff, 0xffff, 0xffff, 0xffff, 0xffff, 0xffff, 0xffff, 0xffff, 
	0xffff, 0xffff, 0xffff, 0xffff, 0xffff, 0xffff, 0xffff, 0xffff, 0xffff, 0xffff, 0xffff, 0xffff, 0xffff, 0xffff, 0xffff, 0xffff, 
	0xffff, 0xffff, 0xffff, 0xffff, 0xffff, 0xffff, 0xffff, 0xffff, 0xffff, 0xffff, 0xffff, 0xffff, 0xffff, 0xffff, 0xffff, 0xffff, 
	0x738e, 0xffff, 0xffff, 0xffff, 0xffff, 0xffff, 0xffff, 0xffff, 0xffff, 0xffff, 0xffff, 0xffff, 0xffff, 0xffff, 0xffff, 0xffff, 
	0xffff, 0xffff, 0xffff, 0xffff, 0xffff, 0xffff, 0xffff, 0xffff, 0xffff, 0xffff, 0xffff, 0xffff, 0xffff, 0xffff, 0xffff, 0xffff, 
	0xffff, 0xffff, 0xffff, 0xffff, 0xffff, 0xffff, 0xffff, 0xffff, 0xffff, 0xffff, 0xffff, 0xffff, 0xffff, 0xffff, 0xffff, 0xffff, 
	0x738e, 0xffff, 0xffff, 0xffff, 0xffff, 0xffff, 0xffff, 0xffff, 0xffff, 0xffff, 0xffff, 0xffff, 0xffff, 0xffff, 0xffff, 0xffff, 
	0xffff, 0xffff, 0xffff, 0xffff, 0xffff, 0xffff, 0xffff, 0xffff, 0xffff, 0xffff, 0xffff, 0xffff, 0xffff, 0xffff, 0xffff, 0xffff, 
	0xffff, 0xffff, 0xffff, 0xffff, 0xffff, 0xffff, 0xffff, 0xffff, 0xffff, 0xffff, 0xffff, 0xffff, 0xffff, 0xffff, 0xffff, 0xffff, 
	0x6b4d, 0xffff, 0xffff, 0xffff, 0xffff, 0xffff, 0xffff, 0xffff, 0xffff, 0xffff, 0xffff, 0xffff, 0xffff, 0xffff, 0xffff, 0xffff, 
	0xffff, 0xffff, 0xffff, 0xffff, 0xffff, 0xffff, 0xffff, 0xffff, 0xffff, 0xffff, 0xffff, 0xffff, 0xffff, 0xffff, 0xffff, 0xffff, 
	0xffff, 0xffff, 0xffff, 0xffff, 0xffff, 0xffff, 0xffff, 0xffff, 0xffff, 0xffff, 0xffff, 0xffff, 0xffff, 0xffff, 0xffff, 0xffff, 
	0x4208, 0xf79e, 0xffff, 0xffff, 0xffff, 0xffff, 0xffff, 0xffff, 0xffff, 0xffff, 0xffff, 0xffff, 0xffff, 0xffff, 0xffff, 0xffff, 
	0xffff, 0xffff, 0xffff, 0xffff, 0xffff, 0xffff, 0xffff, 0xffff, 0xffff, 0xffff, 0xffff, 0xffff, 0xffff, 0xffff, 0xffff, 0xffff, 
	0xffff, 0xffff, 0xffff, 0xffff, 0xffff, 0xffff, 0xffff, 0xffff, 0xffff, 0xffff, 0xffff, 0xffff, 0xffff, 0xffff, 0xffff, 0xf7df, 
	0x10a2, 0x5aeb, 0xbdd7, 0xd69a, 0xd69a, 0xd69a, 0xd69a, 0xd69a, 0xd69a, 0xd69a, 0xd69a, 0xd69a, 0xd69a, 0xd69a, 0xd69a, 0xd69a, 
	0xd69a, 0xd69a, 0xd69a, 0xd69a, 0xd69a, 0xd69a, 0xd69a, 0xd69a, 0xd69a, 0xd69a, 0xd69a, 0xd69a, 0xd69a, 0xd69a, 0xd69a, 0xd69a, 
	0xd69a, 0xd69a, 0xd69a, 0xd69a, 0xd69a, 0xd69a, 0xd69a, 0xd69a, 0xd69a, 0xd69a, 0xd69a, 0xd69a, 0xd69a, 0xd69a, 0xc618, 0x632c
};

// Array of all bitmaps for convenience. (Total bytes used to store images = 2320)
const int logo_allArray_LEN = 1;
const uint16_t* logo_allArray[1] = {
	logo_wdr5
};

// Platz für weitere Sender
